service_start,service_end,origin,destination,distance,total_fare,passengers,mode,record_id
2019-03-23 20:21:09,2019-03-23 20:27:24,Lenox Hill West,UN/Turtle Bay South,1.6,12.95,1,Taxi,1
2019-03-04 16:11:55,2019-03-04 16:19:00,Upper West Side South,Upper West Side South,0.79,9.3,1,Taxi,2
2019-03-27 17:53:01,2019-03-27 18:00:25,Alphabet City,West Village,1.37,14.16,1,Taxi,3
2019-03-10 01:23:59,2019-03-10 01:49:51,Hudson Sq,Yorkville West,7.7,36.95,1,Taxi,4
2019-03-30 13:27:42,2019-03-30 13:37:14,Midtown East,Yorkville West,2.16,13.4,3,Taxi,5
2019-03-11 10:37:23,2019-03-11 10:47:31,Times Sq/Theatre District,Midtown East,0.49,12.96,1,Taxi,6
2019-03-26 21:07:31,2019-03-26 21:17:29,Battery Park City,Two Bridges/Seward Park,3.65,18.8,1,Taxi,7
2019-03-22 12:47:13,2019-03-22 12:58:17,Murray Hill,Flatiron,1.4,11.8,0,Taxi,8
2019-03-23 11:48:50,2019-03-23 12:06:14,East Harlem South,Midtown Center,3.63,19.3,1,Taxi,9
2019-03-08 16:18:37,2019-03-08 16:26:57,Lincoln Square East,Central Park,1.52,13.3,1,Taxi,10
2019-03-16 10:02:25,2019-03-16 10:22:29,LaGuardia Airport,Astoria,3.9,17.8,1,Taxi,11
2019-03-20 19:39:42,2019-03-20 19:45:36,Upper West Side South,Manhattan Valley,1.53,12.96,1,Taxi,12
2019-03-18 21:27:14,2019-03-18 21:34:16,Murray Hill,Midtown Center,1.05,11.3,1,Taxi,13
2019-03-19 07:55:25,2019-03-19 08:09:17,Lincoln Square West,Times Sq/Theatre District,1.75,13.8,1,Taxi,14
2019-03-27 12:13:34,2019-03-27 12:25:48,Financial District North,Two Bridges/Seward Park,2.9,14.8,0,Taxi,15
2019-03-16 17:53:34,2019-03-16 18:13:57,Upper West Side North,Clinton East,2.09,16.8,3,Taxi,16
2019-03-15 12:36:05,2019-03-15 12:54:28,East Chelsea,Meatpacking/West Village West,2.12,16.3,1,Taxi,17
2019-03-23 20:50:49,2019-03-23 21:02:07,Midtown Center,East Harlem South,2.6,16.3,1,Taxi,18
2019-03-27 06:28:36,2019-03-27 06:38:10,Gramercy,Midtown Center,2.18,14.72,1,Taxi,19
2019-03-25 22:04:25,2019-03-25 22:11:30,East Chelsea,East Chelsea,1.08,11.38,6,Taxi,20
2019-03-21 03:37:34,2019-03-21 03:44:13,Penn Station/Madison Sq West,Kips Bay,1.07,11.84,1,Taxi,21
2019-03-25 23:05:54,2019-03-25 23:11:13,Penn Station/Madison Sq West,Murray Hill,0.8,11.6,1,Taxi,22
2019-03-28 17:20:54,2019-03-28 17:55:57,LaGuardia Airport,Sutton Place/Turtle Bay North,9.82,49.87,1,Taxi,23
2019-03-04 12:15:39,2019-03-04 12:26:53,Sutton Place/Turtle Bay North,Midtown North,1.09,14.16,5,Taxi,24
2019-03-24 09:53:28,2019-03-24 10:01:22,Lenox Hill West,Gramercy,2.89,16.64,5,Taxi,25
2019-03-25 08:01:01,2019-03-25 08:13:27,Lincoln Square East,Midtown South,1.9,16.3,1,Taxi,26
2019-03-03 02:45:36,2019-03-03 03:02:14,West Chelsea/Hudson Yards,Seaport,3.35,17.3,1,Taxi,27
2019-03-16 20:30:36,2019-03-16 20:46:22,Clinton East,Lenox Hill West,2.6,19.56,1,Taxi,28
2019-03-20 12:25:31,2019-03-20 12:45:02,Clinton West,East Harlem North,4.71,18.3,1,Taxi,29
2019-03-06 08:09:03,2019-03-06 08:27:11,UN/Turtle Bay South,Garment District,0.92,15.3,1,Taxi,30
2019-03-10 15:14:20,2019-03-10 15:20:17,Lenox Hill West,East Harlem South,1.84,12.36,1,Taxi,31
2019-03-01 02:55:55,2019-03-01 02:57:59,Clinton East,West Chelsea/Hudson Yards,0.74,7.8,3,Taxi,32
2019-03-17 19:24:50,2019-03-17 19:29:58,Midtown Center,Sutton Place/Turtle Bay North,0.62,9.8,1,Taxi,33
2019-03-20 22:29:32,2019-03-20 22:32:24,Midtown South,Midtown Center,0.65,10.79,2,Taxi,34
2019-03-21 10:48:02,2019-03-21 10:57:45,Midtown North,Clinton West,0.87,12.96,2,Taxi,35
2019-03-01 17:39:58,2019-03-01 18:04:46,West Chelsea/Hudson Yards,Lenox Hill East,3.06,25.56,1,Taxi,36
2019-03-22 17:28:51,2019-03-22 17:33:51,Garment District,Flatiron,1.1,9.8,1,Taxi,37
2019-03-21 18:41:58,2019-03-21 19:15:25,Lenox Hill East,Garment District,3.13,24.8,1,Taxi,38
2019-03-18 16:03:14,2019-03-18 16:10:36,Gramercy,Murray Hill,1.13,12.96,2,Taxi,39
2019-03-25 22:50:56,2019-03-25 22:59:51,Garment District,Upper West Side South,2.47,16.56,1,Taxi,40
2019-03-07 15:15:46,2019-03-07 15:50:14,Flatiron,Carroll Gardens,7.51,36.36,1,Taxi,41
2019-03-24 18:42:56,2019-03-24 19:09:00,TriBeCa/Civic Center,Kips Bay,4.5,23.3,0,Taxi,42
2019-03-30 23:59:14,2019-03-30 23:59:17,,,0.0,100.38,1,Taxi,43
2019-03-27 19:39:16,2019-03-27 20:00:26,LaGuardia Airport,Washington Heights South,9.5,35.06,1,Taxi,44
2019-03-14 07:19:29,2019-03-14 07:45:51,East Harlem South,Battery Park City,9.37,33.8,1,Taxi,45
2019-03-07 11:19:21,2019-03-07 11:39:09,Lincoln Square East,Midtown East,0.8,18.95,1,Taxi,46
2019-03-20 11:40:59,2019-03-20 12:06:41,Times Sq/Theatre District,Battery Park City,4.7,23.3,2,Taxi,47
2019-03-13 06:17:45,2019-03-13 06:21:54,Upper East Side North,Lenox Hill West,1.15,11.44,2,Taxi,48
2019-03-07 16:49:01,2019-03-07 16:57:07,Lincoln Square East,Times Sq/Theatre District,1.3,11.3,1,Taxi,49
2019-03-04 21:35:00,2019-03-04 21:53:42,West Village,Upper West Side South,4.87,21.3,1,Taxi,50
2019-03-16 16:36:34,2019-03-16 16:54:50,Clinton East,Penn Station/Madison Sq West,1.0,14.8,2,Taxi,51
2019-03-16 17:38:47,2019-03-16 17:56:04,Midtown North,Union Sq,1.89,15.3,4,Taxi,52
2019-03-21 21:30:05,2019-03-21 21:39:03,Greenwich Village South,Meatpacking/West Village West,0.9,12.95,2,Taxi,53
2019-03-20 18:49:24,2019-03-20 19:12:40,JFK Airport,Sunnyside,13.45,37.8,1,Taxi,54
2019-03-24 01:13:51,2019-03-24 01:24:00,East Village,Sutton Place/Turtle Bay North,2.8,17.15,1,Taxi,55
2019-03-14 12:11:52,2019-03-14 12:40:54,Union Sq,Lincoln Square West,3.43,26.76,1,Taxi,56
2019-03-05 17:57:00,2019-03-05 18:45:25,JFK Airport,Upper East Side North,19.59,65.56,2,Taxi,57
2019-03-17 13:55:43,2019-03-17 14:01:39,UN/Turtle Bay South,Midtown Center,0.71,10.56,4,Taxi,58
2019-03-01 23:21:01,2019-03-01 23:46:28,Garment District,Financial District North,4.5,26.76,1,Taxi,59
2019-03-09 19:24:01,2019-03-09 19:33:32,TriBeCa/Civic Center,Lower East Side,0.82,12.3,3,Taxi,60
2019-03-01 22:49:54,2019-03-01 22:53:32,East Harlem South,East Harlem North,0.9,6.3,1,Taxi,61
2019-03-13 10:55:10,2019-03-13 11:23:25,Times Sq/Theatre District,Lenox Hill East,2.4,20.8,2,Taxi,62
2019-03-21 23:33:55,2019-03-21 23:36:39,Flatiron,East Chelsea,0.44,7.8,1,Taxi,63
2019-03-28 21:59:44,2019-03-28 22:04:04,Penn Station/Madison Sq West,Garment District,1.02,9.3,4,Taxi,64
2019-03-26 10:14:55,2019-03-26 10:26:58,Midtown South,Midtown Center,1.38,15.38,6,Taxi,65
2019-03-02 19:08:25,2019-03-02 19:31:42,Hudson Sq,Times Sq/Theatre District,2.42,22.56,1,Taxi,66
2019-03-15 13:42:03,2019-03-15 13:49:00,Lenox Hill West,Lenox Hill West,0.66,12.09,1,Taxi,67
2019-03-04 13:39:06,2019-03-04 13:58:52,Garment District,Yorkville East,3.3,18.8,1,Taxi,68
2019-03-22 02:22:01,2019-03-22 02:30:21,Clinton East,Midtown North,1.22,11.3,3,Taxi,69
2019-03-31 15:43:37,2019-03-31 15:53:39,Clinton East,Times Sq/Theatre District,0.55,12.3,1,Taxi,70
2019-03-27 19:27:17,2019-03-27 19:48:47,Union Sq,Upper East Side North,3.51,21.8,1,Taxi,71
2019-03-13 07:34:09,2019-03-13 07:38:18,East Chelsea,Garment District,1.07,10.56,1,Taxi,72
2019-03-12 15:44:53,2019-03-12 16:02:05,Yorkville West,Upper West Side North,1.98,17.76,1,Taxi,73
2019-03-29 08:48:46,2019-03-29 08:56:07,Murray Hill,Union Sq,1.0,11.75,1,Taxi,74
2019-03-02 23:05:12,2019-03-02 23:17:34,Clinton East,Lenox Hill West,1.85,13.8,1,Taxi,75
2019-03-17 01:28:28,2019-03-17 02:04:54,Flatiron,Jackson Heights,7.95,33.8,1,Taxi,76
2019-03-09 13:42:08,2019-03-09 13:48:46,Upper East Side North,Midtown East,1.0,9.8,1,Taxi,77
2019-03-05 15:41:23,2019-03-05 15:46:30,Midtown Center,Midtown Center,0.6,9.95,1,Taxi,78
2019-03-18 19:57:00,2019-03-18 20:06:22,Central Park,Midtown North,1.57,14.6,2,Taxi,79
2019-03-17 22:47:36,2019-03-17 22:55:32,West Chelsea/Hudson Yards,Meatpacking/West Village West,1.3,13.55,1,Taxi,80
2019-03-15 23:46:05,2019-03-15 23:59:52,Midtown East,Penn Station/Madison Sq West,1.47,13.3,1,Taxi,81
2019-03-16 18:57:19,2019-03-16 19:00:16,Upper East Side North,Upper East Side North,0.4,7.3,2,Taxi,82
2019-03-14 11:55:26,2019-03-14 12:08:32,East Harlem South,Upper East Side South,1.84,15.96,6,Taxi,83
2019-03-16 21:03:35,2019-03-16 21:21:58,Meatpacking/West Village West,Chinatown,2.5,17.8,1,Taxi,84
2019-03-09 19:54:40,2019-03-09 20:07:27,Gramercy,Penn Station/Madison Sq West,1.5,12.8,2,Taxi,85
2019-03-03 16:44:20,2019-03-03 16:48:36,Kips Bay,Stuy Town/Peter Cooper Village,1.02,10.38,1,Taxi,86
2019-03-04 20:20:15,2019-03-04 20:24:14,Morningside Heights,Morningside Heights,0.6,6.3,1,Taxi,87
2019-03-28 22:57:05,2019-03-28 23:16:56,Hudson Sq,Lincoln Square East,4.1,19.8,1,Taxi,88
2019-03-16 05:08:02,2019-03-16 05:08:20,Astoria,Astoria,0.07,3.8,1,Taxi,89
2019-03-27 22:22:30,2019-03-27 22:41:40,Greenwich Village South,Yorkville West,5.99,29.75,1,Taxi,90
2019-03-07 10:39:25,2019-03-07 11:05:01,Midtown Center,Little Italy/NoLiTa,2.55,19.8,5,Taxi,91
2019-03-11 08:46:09,2019-03-11 08:47:21,Upper East Side North,Upper East Side North,0.3,7.25,1,Taxi,92
2019-03-28 07:05:19,2019-03-28 07:41:14,East Tremont,Midtown East,10.6,40.06,0,Taxi,93
2019-03-12 12:02:26,2019-03-12 12:17:00,Sutton Place/Turtle Bay North,Midtown Center,0.66,14.0,3,Taxi,94
2019-03-06 20:00:28,2019-03-06 20:11:50,Upper East Side South,Upper West Side North,2.6,19.2,3,Taxi,95
2019-03-28 21:30:43,2019-03-28 21:42:10,Penn Station/Madison Sq West,Stuy Town/Peter Cooper Village,1.6,15.35,1,Taxi,96
2019-03-13 16:11:26,2019-03-13 16:28:42,Financial District South,Downtown Brooklyn/MetroTech,3.21,17.8,1,Taxi,97
2019-03-04 22:34:00,2019-03-04 22:41:34,Midtown Center,Upper East Side South,1.3,11.8,1,Taxi,98
2019-03-08 19:10:16,2019-03-08 19:18:32,Midtown North,Times Sq/Theatre District,0.9,11.3,2,Taxi,99
2019-03-02 10:47:45,2019-03-02 10:56:08,West Village,Flatiron,0.95,12.96,3,Taxi,100
2019-03-28 11:28:29,2019-03-28 11:49:30,Lincoln Square East,Midtown South,1.79,20.16,1,Taxi,101
2019-03-29 14:24:32,2019-03-29 14:31:52,Midtown Center,Lenox Hill West,1.15,12.36,1,Taxi,102
2019-03-01 07:34:30,2019-03-01 07:40:58,Bloomingdale,Upper West Side North,1.2,9.8,1,Taxi,103
2019-03-31 11:50:36,2019-03-31 11:54:00,Union Sq,Union Sq,0.43,7.3,4,Taxi,104
2019-03-28 13:29:48,2019-03-28 13:56:36,Queensboro Hill,Midtown South,9.5,39.06,3,Taxi,105
2019-03-12 17:05:47,2019-03-12 17:12:12,Central Park,Upper West Side North,1.1,12.95,1,Taxi,106
2019-03-08 18:43:42,2019-03-08 18:57:17,Gramercy,Midtown Center,2.06,17.16,1,Taxi,107
2019-03-04 17:49:31,2019-03-04 17:55:25,Union Sq,Midtown South,0.78,11.27,1,Taxi,108
2019-03-22 13:23:05,2019-03-22 13:43:15,Midtown South,Clinton West,2.42,18.8,4,Taxi,109
2019-03-09 23:57:28,2019-03-10 00:16:04,SoHo,DUMBO/Vinegar Hill,2.73,17.8,1,Taxi,110
2019-03-20 10:12:24,2019-03-20 10:31:36,Yorkville West,Greenwich Village South,5.7,27.95,1,Taxi,111
2019-03-15 10:56:56,2019-03-15 11:37:02,Times Sq/Theatre District,LaGuardia Airport,11.93,58.27,1,Taxi,112
2019-03-22 23:19:12,2019-03-22 23:31:20,Midtown Center,Upper West Side South,1.7,16.55,1,Taxi,113
2019-03-30 12:28:42,2019-03-30 12:49:34,Penn Station/Madison Sq West,Upper West Side South,2.9,18.3,1,Taxi,114
2019-03-05 12:17:49,2019-03-05 12:36:12,Brooklyn Heights,Murray Hill,5.98,27.88,1,Taxi,115
2019-03-01 16:10:56,2019-03-01 16:15:58,Midtown Center,Sutton Place/Turtle Bay North,0.65,11.16,1,Taxi,116
2019-03-25 15:43:32,2019-03-25 15:58:23,Times Sq/Theatre District,Flatiron,1.76,13.8,1,Taxi,117
2019-03-23 09:39:25,2019-03-23 09:56:45,Yorkville East,Penn Station/Madison Sq West,3.6,22.55,0,Taxi,118
2019-03-11 10:00:32,2019-03-11 10:04:24,Upper East Side South,Upper East Side North,0.58,8.58,2,Taxi,119
2019-03-14 23:29:02,2019-03-14 23:37:17,Alphabet City,East Village,1.22,10.8,1,Taxi,120
2019-03-21 17:21:44,2019-03-21 17:21:49,JFK Airport,JFK Airport,0.0,4.3,1,Taxi,121
2019-03-13 20:00:10,2019-03-13 20:14:34,East Chelsea,East Village,2.1,18.35,1,Taxi,122
2019-03-10 20:36:47,2019-03-10 20:47:33,Manhattan Valley,East Harlem South,2.0,12.42,2,Taxi,123
2019-03-20 21:17:25,2019-03-20 21:22:39,Clinton East,Midtown Center,0.83,9.3,1,Taxi,124
2019-03-04 13:06:09,2019-03-04 13:16:31,Midtown Center,Upper East Side North,1.79,13.8,1,Taxi,125
2019-03-31 17:17:53,2019-03-31 17:29:00,East Harlem South,Manhattan Valley,2.07,13.5,1,Taxi,126
2019-03-13 08:46:04,2019-03-13 08:58:57,Lincoln Square West,Upper West Side North,1.53,15.96,1,Taxi,127
2019-03-21 18:44:03,2019-03-21 19:30:50,East Chelsea,Marble Hill,10.21,38.41,1,Taxi,128
2019-03-06 19:29:56,2019-03-06 20:08:36,LaGuardia Airport,Clinton East,10.8,57.56,1,Taxi,129
2019-03-17 22:46:35,2019-03-17 23:04:07,Times Sq/Theatre District,East Village,3.43,21.96,1,Taxi,130
2019-03-10 00:20:33,2019-03-10 00:27:13,East Village,East Village,0.57,9.8,3,Taxi,131
2019-03-28 18:06:43,2019-03-28 18:11:26,Lincoln Square West,Lincoln Square East,0.9,9.8,1,Taxi,132
2019-03-12 13:01:22,2019-03-12 13:04:25,Kips Bay,Murray Hill,0.6,7.3,1,Taxi,133
2019-03-28 21:09:58,2019-03-28 21:15:31,East Chelsea,Clinton East,1.06,12.74,1,Taxi,134
2019-03-11 10:37:05,2019-03-11 10:50:41,Union Sq,Midtown Center,1.56,14.3,5,Taxi,135
2019-03-06 18:59:05,2019-03-06 19:11:27,Gramercy,Union Sq,0.9,15.3,1,Taxi,136
2019-03-11 11:56:04,2019-03-11 12:06:03,Lincoln Square West,Upper West Side North,1.7,12.3,1,Taxi,137
2019-03-09 19:07:27,2019-03-09 19:10:45,Yorkville East,Yorkville West,0.55,9.36,1,Taxi,138
2019-03-07 19:26:16,2019-03-07 19:44:20,Clinton West,Greenwich Village North,3.0,21.95,4,Taxi,139
2019-03-19 15:08:45,2019-03-19 15:34:24,Yorkville West,Greenwich Village South,6.4,31.56,6,Taxi,140
2019-03-29 08:55:37,2019-03-29 09:13:36,Yorkville East,Kips Bay,4.14,23.16,2,Taxi,141
2019-03-31 08:55:25,2019-03-31 09:00:23,Clinton East,Central Park,1.1,9.3,1,Taxi,142
2019-03-30 20:45:00,2019-03-30 21:06:11,Sutton Place/Turtle Bay North,Lower East Side,2.61,20.47,1,Taxi,143
2019-03-03 12:37:17,2019-03-03 12:43:53,Union Sq,East Village,1.18,9.8,1,Taxi,144
2019-03-23 18:35:01,2019-03-23 18:47:39,UN/Turtle Bay South,East Village,3.2,17.8,1,Taxi,145
2019-03-26 23:30:48,2019-03-26 23:40:09,East Chelsea,Lincoln Square West,2.8,17.15,1,Taxi,146
2019-03-11 11:36:07,2019-03-11 11:57:43,Financial District North,Stuy Town/Peter Cooper Village,5.09,27.88,2,Taxi,147
2019-03-25 15:51:14,2019-03-25 16:01:50,Flatiron,Greenwich Village North,1.16,13.56,1,Taxi,148
2019-03-27 23:10:02,2019-03-27 23:22:11,East Chelsea,Seaport,2.77,18.5,3,Taxi,149
2019-03-28 07:54:06,2019-03-28 08:01:42,Manhattan Valley,East Harlem South,1.72,8.3,1,Taxi,150
2019-03-19 06:22:29,2019-03-19 06:37:12,Lenox Hill East,Manhattan Valley,3.5,16.8,1,Taxi,151
2019-03-29 10:25:21,2019-03-29 11:14:27,Times Sq/Theatre District,Williamsburg (North Side),6.71,44.76,3,Taxi,152
2019-03-28 05:39:40,2019-03-28 05:47:07,Lenox Hill West,Garment District,2.2,14.75,1,Taxi,153
2019-03-13 18:32:01,2019-03-13 18:45:07,Clinton East,Gramercy,2.0,14.3,1,Taxi,154
2019-03-05 17:58:42,2019-03-05 18:19:23,Murray Hill,Upper East Side North,2.7,18.8,2,Taxi,155
2019-03-21 22:49:32,2019-03-21 22:55:11,DUMBO/Vinegar Hill,Brooklyn Heights,1.03,8.76,1,Taxi,156
2019-03-07 19:57:32,2019-03-07 20:10:59,Lenox Hill West,Yorkville East,0.9,15.8,1,Taxi,157
2019-03-02 12:25:56,2019-03-02 12:45:44,LaGuardia Airport,Midtown East,10.18,38.62,5,Taxi,158
2019-03-05 15:39:52,2019-03-05 15:44:51,Clinton East,Midtown North,0.92,8.8,3,Taxi,159
2019-03-13 16:40:50,2019-03-13 16:51:55,Central Park,Upper East Side North,2.0,14.8,1,Taxi,160
2019-03-14 11:36:47,2019-03-14 11:46:26,Central Park,Upper West Side North,1.43,14.16,1,Taxi,161
2019-03-22 07:46:43,2019-03-22 07:49:36,Times Sq/Theatre District,Garment District,0.74,9.75,3,Taxi,162
2019-03-06 17:36:48,2019-03-06 18:43:39,Midtown South,JFK Airport,17.1,78.66,2,Taxi,163
2019-03-08 04:17:26,2019-03-08 04:21:46,Garment District,Garment District,1.2,10.3,1,Taxi,164
2019-03-31 15:21:11,2019-03-31 15:37:28,East Village,West Village,1.8,15.3,2,Taxi,165
2019-03-21 21:31:56,2019-03-21 21:49:14,Meatpacking/West Village West,East Village,2.13,15.8,1,Taxi,166
2019-03-06 12:43:50,2019-03-06 12:59:59,Gramercy,Flatiron,1.4,17.15,1,Taxi,167
2019-03-18 14:30:31,2019-03-18 14:36:40,Upper East Side North,Yorkville West,0.6,8.8,1,Taxi,168
2019-03-28 22:33:16,2019-03-28 22:45:37,Midtown Center,Murray Hill,1.56,13.3,2,Taxi,169
2019-03-13 12:33:55,2019-03-13 12:40:20,Lincoln Square East,Clinton East,0.95,11.62,6,Taxi,170
2019-03-14 04:46:52,2019-03-14 04:49:50,Times Sq/Theatre District,Midtown Center,0.56,9.36,2,Taxi,171
2019-03-13 19:21:03,2019-03-13 19:28:35,Little Italy/NoLiTa,Greenwich Village North,1.0,10.8,1,Taxi,172
2019-03-01 11:25:31,2019-03-01 11:34:24,Upper West Side South,Upper East Side North,1.24,11.3,1,Taxi,173
2019-03-05 22:07:42,2019-03-05 22:18:17,Midtown East,East Village,2.16,16.62,6,Taxi,174
2019-03-04 20:56:26,2019-03-04 21:13:36,Mott Haven/Port Morris,Riverdale/North Riverdale/Fieldston,9.97,29.8,1,Taxi,175
2019-03-04 20:40:56,2019-03-04 20:44:27,Clinton East,Clinton East,1.1,11.16,1,Taxi,176
2019-03-05 17:58:10,2019-03-05 18:00:25,East Village,Gramercy,0.44,8.91,1,Taxi,177
2019-03-29 19:21:12,2019-03-29 19:35:34,Financial District North,Murray Hill,5.19,25.8,1,Taxi,178
2019-03-16 17:27:17,2019-03-16 17:41:03,Manhattan Valley,Washington Heights South,3.5,15.3,0,Taxi,179
2019-03-01 10:25:50,2019-03-01 10:32:29,Upper West Side South,Lincoln Square West,0.84,9.3,1,Taxi,180
2019-03-08 00:51:39,2019-03-08 00:56:54,East Village,Lower East Side,0.93,11.16,5,Taxi,181
2019-03-15 09:20:34,2019-03-15 09:27:03,Midtown East,Murray Hill,0.71,9.3,2,Taxi,182
2019-03-07 00:09:28,2019-03-07 00:38:46,Midtown South,Steinway,6.08,27.8,1,Taxi,183
2019-03-11 20:45:26,2019-03-11 20:50:27,East Village,Gramercy,1.09,11.76,1,Taxi,184
2019-03-26 12:52:27,2019-03-26 13:07:01,Sutton Place/Turtle Bay North,Midtown South,1.9,13.8,1,Taxi,185
2019-03-13 08:34:03,2019-03-13 08:51:10,Penn Station/Madison Sq West,Lincoln Square West,1.8,14.8,1,Taxi,186
2019-03-14 19:38:22,2019-03-14 19:43:09,Midtown East,Yorkville West,1.5,13.5,1,Taxi,187
2019-03-17 00:48:21,2019-03-17 00:59:36,Little Italy/NoLiTa,Stuy Town/Peter Cooper Village,2.17,13.8,2,Taxi,188
2019-03-26 15:06:47,2019-03-26 15:59:52,JFK Airport,Midtown Center,18.41,61.08,1,Taxi,189
2019-03-17 00:50:05,2019-03-17 01:01:47,East Village,East Chelsea,2.0,16.55,4,Taxi,190
2019-03-30 09:39:06,2019-03-30 09:45:23,Hudson Sq,Greenwich Village North,1.2,11.75,1,Taxi,191
2019-03-31 14:28:46,2019-03-31 14:34:24,Sutton Place/Turtle Bay North,Lenox Hill East,1.46,11.76,1,Taxi,192
2019-03-19 09:28:34,2019-03-19 10:01:34,JFK Airport,Astoria,14.1,46.3,1,Taxi,193
2019-03-18 21:28:55,2019-03-18 21:52:22,JFK Airport,Sheepshead Bay,14.3,41.3,1,Taxi,194
2019-03-10 06:32:41,2019-03-10 06:36:23,Garment District,Murray Hill,0.66,7.8,1,Taxi,195
2019-03-20 18:51:16,2019-03-20 19:03:10,Lenox Hill East,East Harlem South,3.13,18.96,1,Taxi,196
2019-03-12 14:39:59,2019-03-12 15:06:34,Times Sq/Theatre District,Williamsburg (North Side),6.5,32.56,1,Taxi,197
2019-03-19 14:05:07,2019-03-19 14:11:25,Penn Station/Madison Sq West,Clinton West,1.3,12.25,1,Taxi,198
2019-03-19 16:13:05,2019-03-19 16:14:39,Greenwich Village North,Greenwich Village North,0.2,7.3,1,Taxi,199
2019-03-16 13:18:43,2019-03-16 13:33:44,West Chelsea/Hudson Yards,Times Sq/Theatre District,1.8,14.3,1,Taxi,200
2019-03-14 07:59:57,2019-03-14 08:09:42,Upper East Side South,Upper East Side North,1.4,14.15,1,Taxi,201
2019-03-31 14:28:05,2019-03-31 14:41:07,Sutton Place/Turtle Bay North,Times Sq/Theatre District,1.1,12.3,1,Taxi,202
2019-03-15 21:25:04,2019-03-15 21:31:55,Upper East Side South,Midtown Center,0.88,9.8,1,Taxi,203
2019-03-02 22:42:20,2019-03-02 22:56:52,Times Sq/Theatre District,Upper West Side South,2.3,19.1,1,Taxi,204
2019-03-25 18:47:22,2019-03-25 18:57:06,Clinton West,Clinton East,1.21,11.8,3,Taxi,205
2019-03-15 14:19:05,2019-03-15 14:20:39,Lenox Hill West,Yorkville West,0.47,6.8,5,Taxi,206
2019-03-06 09:48:13,2019-03-06 09:58:40,Little Italy/NoLiTa,Flatiron,1.6,14.15,1,Taxi,207
2019-03-08 18:04:40,2019-03-08 18:11:10,Manhattan Valley,Lincoln Square East,1.5,15.3,1,Taxi,208
2019-03-07 17:15:41,2019-03-07 17:18:41,Upper West Side South,Upper West Side North,0.4,8.8,1,Taxi,209
2019-03-30 23:38:33,2019-03-30 23:48:10,SoHo,Lower East Side,1.1,12.3,1,Taxi,210
2019-03-13 07:15:24,2019-03-13 07:25:50,Gramercy,Midtown Center,2.27,12.8,1,Taxi,211
2019-03-30 23:53:24,2019-03-30 23:56:29,Greenwich Village South,Greenwich Village North,0.6,8.3,1,Taxi,212
2019-03-25 21:36:30,2019-03-25 21:44:52,Midtown Center,Penn Station/Madison Sq West,0.9,12.96,1,Taxi,213
2019-03-30 11:31:52,2019-03-30 11:35:10,Greenwich Village South,East Village,0.3,10.3,1,Taxi,214
2019-03-22 22:40:19,2019-03-22 22:55:26,Stuyvesant Heights,Crown Heights North,2.75,13.8,1,Taxi,215
2019-03-10 10:32:26,2019-03-10 10:35:20,Morningside Heights,Manhattan Valley,0.6,6.36,1,Taxi,216
2019-03-05 22:00:00,2019-03-05 22:17:27,Sutton Place/Turtle Bay North,TriBeCa/Civic Center,3.6,21.95,2,Taxi,217
2019-03-15 22:59:38,2019-03-15 23:04:56,Upper West Side South,Upper West Side North,1.16,9.8,6,Taxi,218
2019-03-20 11:15:24,2019-03-20 11:59:38,Lenox Hill East,Midwood,15.01,53.06,1,Taxi,219
2019-03-08 18:08:03,2019-03-08 18:15:42,Kips Bay,Alphabet City,1.4,13.55,1,Taxi,220
2019-03-20 22:27:45,2019-03-20 22:49:14,Lower East Side,Times Sq/Theatre District,3.69,19.8,2,Taxi,221
2019-03-14 12:43:06,2019-03-14 13:06:58,LaGuardia Airport,Lenox Hill East,8.81,43.87,1,Taxi,222
2019-03-22 21:39:15,2019-03-22 21:45:25,Upper East Side South,Sutton Place/Turtle Bay North,0.84,11.8,1,Taxi,223
2019-03-13 21:57:25,2019-03-13 22:15:34,LaGuardia Airport,Lenox Hill East,9.61,42.62,1,Taxi,224
2019-03-19 23:41:10,2019-03-19 23:43:55,Upper East Side South,Lenox Hill East,0.4,7.8,1,Taxi,225
2019-03-22 15:36:34,2019-03-22 16:34:48,Manhattan Valley,Boerum Hill,12.07,69.07,2,Taxi,226
2019-03-01 20:28:26,2019-03-01 20:36:21,Garment District,Midtown East,1.31,11.3,1,Taxi,227
2019-03-14 14:28:42,2019-03-14 14:56:54,Midtown Center,Lenox Hill East,3.79,29.31,1,Taxi,228
2019-03-03 21:02:46,2019-03-03 21:22:46,LaGuardia Airport,Upper East Side South,9.9,45.07,1,Taxi,229
2019-03-19 23:32:01,2019-03-19 23:40:05,Times Sq/Theatre District,Union Sq,1.86,14.16,1,Taxi,230
2019-03-17 02:22:11,2019-03-17 02:31:02,East Village,East Village,0.66,12.74,2,Taxi,231
2019-03-04 15:30:13,2019-03-04 15:41:03,Midtown Center,Midtown Center,0.62,12.96,1,Taxi,232
2019-03-14 11:45:08,2019-03-14 11:48:55,Yorkville West,Yorkville West,0.7,7.8,1,Taxi,233
2019-03-07 23:46:25,2019-03-07 23:51:55,Penn Station/Madison Sq West,Midtown Center,1.09,11.76,1,Taxi,234
2019-03-06 21:56:51,2019-03-06 22:03:35,Gramercy,West Village,1.1,11.84,1,Taxi,235
2019-03-20 23:19:55,2019-03-20 23:46:00,Union Sq,Financial District South,4.82,27.96,1,Taxi,236
2019-03-15 19:33:40,2019-03-15 19:54:59,Upper East Side South,Gramercy,3.3,22.76,1,Taxi,237
2019-03-26 12:11:08,2019-03-26 12:23:55,Clinton East,Garment District,1.0,11.8,1,Taxi,238
2019-03-09 01:49:19,2019-03-09 01:54:17,SoHo,Flatiron,1.5,12.85,1,Taxi,239
2019-03-14 08:51:47,2019-03-14 09:00:44,Midtown South,Midtown North,1.0,12.95,2,Taxi,240
2019-03-20 20:17:19,2019-03-20 20:46:58,LaGuardia Airport,Times Sq/Theatre District,10.1,47.06,1,Taxi,241
2019-03-29 13:30:12,2019-03-29 13:36:35,Manhattan Valley,Upper West Side North,1.23,12.25,1,Taxi,242
2019-03-10 12:44:26,2019-03-10 12:48:27,Lenox Hill West,Yorkville East,1.1,9.24,4,Taxi,243
2019-03-01 12:14:41,2019-03-01 12:18:39,East Harlem North,East Harlem North,0.5,6.35,2,Taxi,244
2019-03-22 10:35:22,2019-03-22 10:41:18,Lincoln Square East,Midtown North,0.75,10.3,1,Taxi,245
2019-03-31 18:09:31,2019-03-31 18:25:30,Midtown Center,East Village,2.62,18.36,1,Taxi,246
2019-03-14 19:36:16,2019-03-14 19:52:41,UN/Turtle Bay South,Penn Station/Madison Sq West,1.65,19.75,1,Taxi,247
2019-03-07 18:49:41,2019-03-07 19:07:05,Yorkville West,Lincoln Square East,2.75,20.76,1,Taxi,248
2019-03-02 23:13:33,2019-03-02 23:28:52,Little Italy/NoLiTa,Midtown South,2.32,15.8,1,Taxi,249
2019-03-10 01:44:58,2019-03-10 01:51:17,West Village,Midtown South,1.44,13.39,6,Taxi,250
2019-03-21 10:07:48,2019-03-21 10:52:02,East Chelsea,JFK Airport,16.74,76.32,2,Taxi,251
2019-03-07 13:07:41,2019-03-07 13:22:19,Midtown Center,Union Sq,1.7,16.55,6,Taxi,252
2019-03-09 02:17:59,2019-03-09 02:28:16,Lower East Side,Union Sq,1.46,13.3,1,Taxi,253
2019-03-03 13:38:18,2019-03-03 13:49:14,Upper West Side South,Lenox Hill West,1.78,15.36,5,Taxi,254
2019-03-16 12:17:09,2019-03-16 12:34:47,Bloomingdale,Lincoln Square East,2.7,16.8,1,Taxi,255
2019-03-12 07:31:29,2019-03-12 07:34:04,Upper West Side South,Upper West Side South,0.5,9.45,1,Taxi,256
2019-03-22 01:12:31,2019-03-22 01:26:25,Lower East Side,Flatiron,2.77,16.8,2,Taxi,257
2019-03-11 18:18:44,2019-03-11 18:26:55,Lenox Hill West,Midtown Center,1.13,13.0,1,Taxi,258
2019-03-03 20:28:29,2019-03-03 20:33:11,Times Sq/Theatre District,Midtown North,0.9,9.3,2,Taxi,259
2019-03-20 03:41:49,2019-03-20 03:58:06,Chinatown,Yorkville West,5.53,23.8,6,Taxi,260
2019-03-05 22:16:23,2019-03-05 22:24:14,Penn Station/Madison Sq West,Murray Hill,1.06,11.88,1,Taxi,261
2019-03-21 16:19:53,2019-03-21 16:24:46,Garment District,Union Sq,0.8,9.8,1,Taxi,262
2019-03-03 14:34:00,2019-03-03 14:42:34,Union Sq,West Chelsea/Hudson Yards,1.35,11.8,2,Taxi,263
2019-03-07 02:07:02,2019-03-07 02:13:15,Greenwich Village South,East Village,0.85,11.76,1,Taxi,264
2019-03-28 10:50:01,2019-03-28 10:55:52,Lenox Hill East,East Harlem South,1.47,12.25,1,Taxi,265
2019-03-03 20:32:34,2019-03-03 20:39:11,East Village,Little Italy/NoLiTa,0.77,11.0,1,Taxi,266
2019-03-26 21:42:29,2019-03-26 22:05:23,Fort Greene,Cypress Hills,4.4,22.56,2,Taxi,267
2019-03-27 00:09:57,2019-03-27 00:37:20,Garment District,Park Slope,9.39,33.3,1,Taxi,268
2019-03-03 11:16:14,2019-03-03 11:20:53,Clinton West,Lincoln Square West,1.3,9.3,1,Taxi,269
2019-03-03 21:34:24,2019-03-03 22:08:25,Greenwich Village North,Central Harlem,7.8,38.15,2,Taxi,270
2019-03-09 02:35:34,2019-03-09 03:10:06,Gramercy,Washington Heights South,10.82,47.76,1,Taxi,271
2019-03-18 19:41:36,2019-03-18 19:51:29,Midtown North,Lincoln Square West,1.33,15.36,1,Taxi,272
2019-03-27 14:41:53,2019-03-27 15:20:49,Central Park,Greenwich Village North,3.03,31.56,4,Taxi,273
2019-03-15 09:56:40,2019-03-15 10:31:18,JFK Airport,North Corona,13.4,39.3,1,Taxi,274
2019-03-26 23:54:47,2019-03-27 00:03:12,TriBeCa/Civic Center,Flatiron,2.24,16.0,1,Taxi,275
2019-03-09 10:51:40,2019-03-09 10:55:43,Lincoln Square West,Lincoln Square East,0.74,9.96,1,Taxi,276
2019-03-27 23:16:20,2019-03-27 23:34:32,East Village,Greenpoint,4.91,25.56,1,Taxi,277
2019-03-14 19:56:56,2019-03-14 20:07:03,Midtown Center,Upper East Side South,1.24,15.99,1,Taxi,278
2019-03-25 16:23:11,2019-03-25 17:12:18,LaGuardia Airport,Boerum Hill,11.8,52.85,0,Taxi,279
2019-03-14 17:52:20,2019-03-14 18:08:32,Midtown Center,Kips Bay,2.1,19.55,1,Taxi,280
2019-03-26 22:40:00,2019-03-26 22:56:19,Midtown East,Greenpoint,4.1,22.55,1,Taxi,281
2019-03-25 12:44:45,2019-03-25 12:57:31,Murray Hill,Greenwich Village North,1.7,15.95,1,Taxi,282
2019-03-04 20:45:32,2019-03-04 20:52:24,Murray Hill,Penn Station/Madison Sq West,0.9,11.3,2,Taxi,283
2019-03-22 11:55:00,2019-03-22 12:36:56,Midtown Center,JFK Airport,16.6,67.06,2,Taxi,284
2019-03-14 13:51:46,2019-03-14 13:59:11,Garment District,Midtown North,1.1,13.35,1,Taxi,285
2019-03-05 07:01:12,2019-03-05 07:10:34,Financial District North,TriBeCa/Civic Center,1.5,11.8,1,Taxi,286
2019-03-30 21:43:33,2019-03-30 21:56:42,West Chelsea/Hudson Yards,Garment District,1.5,13.3,1,Taxi,287
2019-03-04 22:21:05,2019-03-04 22:30:40,Midtown Center,Yorkville West,2.41,16.62,2,Taxi,288
2019-03-28 19:44:08,2019-03-28 19:55:11,Union Sq,Lower East Side,1.5,13.8,1,Taxi,289
2019-03-27 08:38:24,2019-03-27 08:43:49,Upper East Side South,Upper East Side North,0.9,8.8,1,Taxi,290
2019-03-06 15:09:42,2019-03-06 15:19:00,Lincoln Square East,Clinton West,0.77,12.36,1,Taxi,291
2019-03-02 12:19:18,2019-03-02 12:25:02,Union Sq,Greenwich Village South,1.21,11.76,1,Taxi,292
2019-03-10 17:32:43,2019-03-10 17:51:17,Midtown North,Long Island City/Hunters Point,2.9,21.95,1,Taxi,293
2019-03-15 23:31:29,2019-03-15 23:48:39,Greenwich Village South,Murray Hill,2.3,19.3,1,Taxi,294
2019-03-15 10:19:19,2019-03-15 10:25:22,Upper West Side North,Morningside Heights,1.24,8.18,1,Taxi,295
2019-03-04 15:55:01,2019-03-04 16:14:40,Battery Park City,Penn Station/Madison Sq West,3.81,19.3,1,Taxi,296
2019-03-21 09:48:17,2019-03-21 10:05:14,Murray Hill,Sutton Place/Turtle Bay North,0.9,17.15,1,Taxi,297
2019-03-05 14:57:54,2019-03-05 15:08:35,Lenox Hill West,Upper East Side South,1.07,13.56,2,Taxi,298
2019-03-18 15:10:01,2019-03-18 15:30:21,Upper East Side North,LaGuardia Airport,8.55,42.07,2,Taxi,299
2019-03-15 15:11:55,2019-03-15 15:25:37,Flatiron,Lincoln Square East,2.27,17.16,1,Taxi,300
2019-03-15 02:02:17,2019-03-15 02:16:41,Steinway,Hillcrest/Pomonok,8.02,24.3,2,Taxi,301
2019-03-05 14:55:55,2019-03-05 15:02:29,Lincoln Square East,Upper West Side South,1.0,9.8,2,Taxi,302
2019-03-20 17:22:33,2019-03-20 18:07:19,JFK Airport,Midtown East,17.01,65.56,1,Taxi,303
2019-03-06 01:29:16,2019-03-06 01:47:35,Garment District,East Harlem South,5.6,22.8,1,Taxi,304
2019-03-25 22:43:54,2019-03-25 22:51:42,Upper East Side South,UN/Turtle Bay South,1.4,11.3,1,Taxi,305
2019-03-13 11:29:40,2019-03-13 11:39:38,SoHo,Meatpacking/West Village West,1.4,11.3,2,Taxi,306
2019-03-02 01:05:09,2019-03-02 01:25:21,East Village,Bloomingdale,6.25,27.8,1,Taxi,307
2019-03-27 16:25:43,2019-03-27 16:35:23,Upper East Side South,Upper East Side South,0.68,11.8,1,Taxi,308
2019-03-18 12:54:42,2019-03-18 13:32:35,Central Harlem,JFK Airport,18.76,70.27,5,Taxi,309
2019-03-08 00:42:58,2019-03-08 00:53:48,East Village,Yorkville West,3.67,18.96,2,Taxi,310
2019-03-16 14:02:05,2019-03-16 14:10:07,Upper East Side South,Lenox Hill West,1.2,12.96,3,Taxi,311
2019-03-22 19:16:34,2019-03-22 19:21:02,Lincoln Square East,Midtown North,0.95,12.25,2,Taxi,312
2019-03-20 08:47:11,2019-03-20 09:07:33,Lincoln Square West,Times Sq/Theatre District,1.3,19.56,1,Taxi,313
2019-03-20 14:15:30,2019-03-20 14:26:48,JFK Airport,Baisley Park,4.0,14.8,1,Taxi,314
2019-03-24 06:21:12,2019-03-24 06:46:32,JFK Airport,Brooklyn Heights,18.99,61.56,1,Taxi,315
2019-03-12 23:55:59,2019-03-13 00:06:04,Hudson Sq,Lower East Side,1.2,13.3,1,Taxi,316
2019-03-07 19:05:47,2019-03-07 19:17:30,Midtown East,East Village,2.04,17.16,6,Taxi,317
2019-03-12 17:55:27,2019-03-12 18:04:31,TriBeCa/Civic Center,Financial District South,1.4,16.0,1,Taxi,318
2019-03-16 13:17:21,2019-03-16 13:25:58,Midtown East,Midtown East,0.66,10.3,1,Taxi,319
2019-03-01 21:38:07,2019-03-01 21:44:45,Lower East Side,Little Italy/NoLiTa,0.7,11.75,2,Taxi,320
2019-03-28 23:05:10,2019-03-28 23:14:57,Little Italy/NoLiTa,Gramercy,1.5,11.8,1,Taxi,321
2019-03-23 14:00:52,2019-03-23 14:08:51,Midtown South,Greenwich Village North,1.1,12.05,2,Taxi,322
2019-03-07 09:18:22,2019-03-07 09:26:40,Midtown North,Lincoln Square East,0.81,12.36,1,Taxi,323
2019-03-19 09:38:21,2019-03-19 09:58:34,Kips Bay,East Chelsea,3.27,19.22,5,Taxi,324
2019-03-13 22:40:21,2019-03-13 22:53:10,Union Sq,Times Sq/Theatre District,1.9,13.8,1,Taxi,325
2019-03-02 16:27:34,2019-03-02 16:41:30,Greenwich Village South,Midtown South,1.7,13.8,2,Taxi,326
2019-03-05 15:01:34,2019-03-05 15:11:01,SoHo,TriBeCa/Civic Center,0.83,12.0,1,Taxi,327
2019-03-24 08:12:47,2019-03-24 08:23:19,Sutton Place/Turtle Bay North,Union Sq,3.17,17.16,1,Taxi,328
2019-03-28 13:18:44,2019-03-28 13:27:20,Lenox Hill East,Upper East Side North,1.34,12.96,3,Taxi,329
2019-03-24 00:27:46,2019-03-24 00:35:12,West Village,Penn Station/Madison Sq West,1.6,13.55,1,Taxi,330
2019-03-12 21:26:25,2019-03-12 21:37:04,Murray Hill,Stuy Town/Peter Cooper Village,2.0,15.95,1,Taxi,331
2019-03-06 14:39:34,2019-03-06 14:46:56,Murray Hill,Garment District,0.5,11.75,1,Taxi,332
2019-03-16 01:14:24,2019-03-16 01:26:45,Crown Heights North,Crown Heights South,2.6,12.3,1,Taxi,333
2019-03-26 01:14:52,2019-03-26 01:20:27,Seaport,DUMBO/Vinegar Hill,2.14,11.8,1,Taxi,334
2019-03-12 02:58:34,2019-03-12 03:04:48,Union Sq,Murray Hill,1.5,12.95,2,Taxi,335
2019-03-26 21:07:17,2019-03-26 21:29:20,Union Sq,East Harlem South,3.97,26.16,1,Taxi,336
2019-03-20 20:52:57,2019-03-20 21:08:21,East Village,Yorkville East,4.08,21.96,1,Taxi,337
2019-03-01 17:51:29,2019-03-01 18:02:41,Penn Station/Madison Sq West,Greenwich Village North,1.75,17.29,1,Taxi,338
2019-03-31 19:48:55,2019-03-31 20:00:50,Greenwich Village North,Meatpacking/West Village West,1.22,11.8,1,Taxi,339
2019-03-11 17:55:58,2019-03-11 18:04:46,Battery Park City,East Chelsea,2.48,17.16,1,Taxi,340
2019-03-24 12:32:26,2019-03-24 12:43:25,Yorkville East,East Harlem North,2.7,17.85,3,Taxi,341
2019-03-12 18:34:33,2019-03-12 18:43:13,Midtown North,Midtown North,0.37,10.8,1,Taxi,342
2019-03-27 20:09:15,2019-03-27 20:13:09,Upper West Side South,Bloomingdale,1.29,9.3,1,Taxi,343
2019-03-06 23:32:10,2019-03-06 23:38:21,Greenwich Village South,TriBeCa/Civic Center,1.25,11.84,2,Taxi,344
2019-03-21 06:12:16,2019-03-21 06:16:45,Penn Station/Madison Sq West,Times Sq/Theatre District,1.2,10.56,5,Taxi,345
2019-03-08 22:03:27,2019-03-08 22:16:13,Lincoln Square West,Washington Heights South,6.35,22.8,1,Taxi,346
2019-03-29 19:24:36,2019-03-29 19:33:39,Upper East Side South,Long Island City/Hunters Point,2.23,17.25,1,Taxi,347
2019-03-24 00:12:23,2019-03-24 00:27:21,LaGuardia Airport,Yorkville East,7.2,37.86,3,Taxi,348
2019-03-24 16:49:27,2019-03-24 16:56:46,Penn Station/Madison Sq West,Union Sq,1.3,10.8,3,Taxi,349
2019-03-18 22:07:21,2019-03-18 22:13:35,Midtown South,Gramercy,1.33,12.36,1,Taxi,350
2019-03-01 11:56:33,2019-03-01 12:24:09,Clinton East,Soundview/Castle Hill,12.05,36.3,1,Taxi,351
2019-03-03 00:53:01,2019-03-03 01:08:24,Lower East Side,West Chelsea/Hudson Yards,2.8,19.55,1,Taxi,352
2019-03-08 17:25:38,2019-03-08 17:32:08,Midtown Center,Sutton Place/Turtle Bay North,0.6,10.3,1,Taxi,353
2019-03-10 03:41:47,2019-03-10 03:47:49,Murray Hill,Sutton Place/Turtle Bay North,1.21,11.3,1,Taxi,354
2019-03-05 12:34:42,2019-03-05 13:23:51,LaGuardia Airport,Lower East Side,13.57,67.58,5,Taxi,355
2019-03-30 09:25:34,2019-03-30 09:28:42,Times Sq/Theatre District,Garment District,0.9,8.3,1,Taxi,356
2019-03-25 18:42:25,2019-03-25 18:54:54,Midtown Center,Union Sq,1.8,15.8,1,Taxi,357
2019-03-23 04:21:32,2019-03-23 04:27:31,Clinton East,Penn Station/Madison Sq West,1.2,11.3,1,Taxi,358
2019-03-03 13:41:18,2019-03-03 13:46:47,Greenwich Village North,Penn Station/Madison Sq West,0.68,10.3,1,Taxi,359
2019-03-19 11:00:45,2019-03-19 11:07:21,Lincoln Square East,Upper West Side North,1.3,12.25,1,Taxi,360
2019-03-30 23:50:23,2019-03-31 00:00:01,Lower East Side,West Village,1.3,12.8,1,Taxi,361
2019-03-23 19:22:48,2019-03-23 19:28:28,Upper West Side North,Morningside Heights,1.4,7.8,2,Taxi,362
2019-03-17 17:25:09,2019-03-17 17:32:05,Midtown Center,Clinton East,0.8,9.3,3,Taxi,363
2019-03-08 22:06:50,2019-03-08 22:22:07,Lenox Hill West,East Village,3.8,22.55,1,Taxi,364
2019-03-08 13:17:30,2019-03-08 13:26:21,Lenox Hill West,Upper East Side North,1.64,13.56,1,Taxi,365
2019-03-23 23:17:57,2019-03-23 23:21:40,Lincoln Square East,Times Sq/Theatre District,0.87,9.68,2,Taxi,366
2019-03-21 08:08:23,2019-03-21 08:16:12,Penn Station/Madison Sq West,West Chelsea/Hudson Yards,0.9,12.1,1,Taxi,367
2019-03-17 15:31:50,2019-03-17 15:50:33,Kips Bay,Brooklyn Heights,5.63,21.8,1,Taxi,368
2019-03-03 22:42:09,2019-03-03 22:47:36,Lincoln Square East,Lincoln Square West,0.33,10.56,1,Taxi,369
2019-03-04 21:46:08,2019-03-04 21:53:15,Sutton Place/Turtle Bay North,Yorkville East,1.9,14.15,1,Taxi,370
2019-03-07 19:16:18,2019-03-07 19:44:37,East Chelsea,TriBeCa/Civic Center,4.4,22.3,1,Taxi,371
2019-03-01 14:11:37,2019-03-01 14:17:25,Greenwich Village North,Penn Station/Madison Sq West,1.04,9.3,1,Taxi,372
2019-03-31 06:51:54,2019-03-31 07:02:42,Clinton East,East Harlem South,3.9,19.8,1,Taxi,373
2019-03-19 12:40:08,2019-03-19 13:03:40,Flatiron,World Trade Center,3.59,21.3,1,Taxi,374
2019-03-28 22:18:16,2019-03-28 22:21:53,Upper East Side North,Yorkville West,0.89,10.56,5,Taxi,375
2019-03-27 21:02:16,2019-03-27 21:07:33,Union Sq,Garment District,1.3,12.35,2,Taxi,376
2019-03-17 06:49:50,2019-03-17 06:59:38,East Village,Penn Station/Madison Sq West,2.4,17.8,1,Taxi,377
2019-03-28 17:52:19,2019-03-28 18:09:37,Midtown North,Penn Station/Madison Sq West,1.8,16.3,1,Taxi,378
2019-03-24 08:53:31,2019-03-24 08:57:29,Chinatown,Greenwich Village South,1.03,10.56,3,Taxi,379
2019-03-09 14:41:28,2019-03-09 14:56:03,Midtown South,Sutton Place/Turtle Bay North,2.04,14.3,1,Taxi,380
2019-03-06 13:16:44,2019-03-06 13:23:56,Upper East Side North,East Harlem South,1.1,13.35,1,Taxi,381
2019-03-16 19:26:25,2019-03-16 19:46:40,Yorkville East,Gramercy,3.66,21.96,1,Taxi,382
2019-03-17 16:09:20,2019-03-17 16:27:25,East Chelsea,Upper East Side South,2.6,16.8,4,Taxi,383
2019-03-08 13:52:36,2019-03-08 13:59:15,Upper East Side South,Upper East Side South,0.68,11.16,1,Taxi,384
2019-03-28 19:48:23,2019-03-28 20:04:37,Times Sq/Theatre District,Union Sq,1.7,18.35,1,Taxi,385
2019-03-01 09:33:42,2019-03-01 09:48:36,Clinton East,Penn Station/Madison Sq West,1.11,15.96,1,Taxi,386
2019-03-18 10:37:34,2019-03-18 10:49:36,Murray Hill,Clinton West,1.3,14.75,1,Taxi,387
2019-03-18 18:47:11,2019-03-18 19:05:14,East Village,Penn Station/Madison Sq West,2.1,20.75,1,Taxi,388
2019-03-19 23:23:12,2019-03-19 23:38:38,Clinton East,Alphabet City,3.37,19.3,1,Taxi,389
2019-03-20 20:38:18,2019-03-20 20:45:26,Midtown Center,Midtown Center,1.1,9.36,0,Taxi,390
2019-03-15 22:38:47,2019-03-15 22:41:19,Clinton East,Lincoln Square West,0.6,8.8,1,Taxi,391
2019-03-02 03:22:04,2019-03-02 03:32:37,Lower East Side,Greenwich Village North,1.47,14.3,1,Taxi,392
2019-03-15 18:51:54,2019-03-15 19:46:20,JFK Airport,Midtown Center,17.28,78.67,2,Taxi,393
2019-03-22 04:46:14,2019-03-22 05:16:28,Upper East Side North,JFK Airport,18.94,73.27,5,Taxi,394
2019-03-12 18:23:06,2019-03-12 18:31:25,Midtown Center,Midtown South,0.53,12.96,1,Taxi,395
2019-03-28 13:20:19,2019-03-28 13:36:52,Times Sq/Theatre District,UN/Turtle Bay South,1.08,14.3,1,Taxi,396
2019-03-23 18:49:13,2019-03-23 19:01:58,East Village,Kips Bay,2.33,16.56,2,Taxi,397
2019-03-23 02:42:30,2019-03-23 02:46:36,Gramercy,Union Sq,0.75,10.56,1,Taxi,398
2019-03-23 22:06:31,2019-03-23 22:12:32,Union Sq,Midtown South,0.6,9.3,1,Taxi,399
2019-03-23 02:12:39,2019-03-23 02:19:07,Midtown South,Times Sq/Theatre District,1.55,11.8,1,Taxi,400
2019-03-09 17:26:02,2019-03-09 17:26:10,Murray Hill,Murray Hill,0.9,5.8,1,Taxi,401
2019-03-02 12:12:02,2019-03-02 12:17:06,UN/Turtle Bay South,Sutton Place/Turtle Bay North,0.64,10.38,2,Taxi,402
2019-03-01 21:29:24,2019-03-01 21:42:30,Midtown Center,Upper West Side North,2.8,18.96,1,Taxi,403
2019-03-12 09:24:13,2019-03-12 09:40:30,Hudson Sq,East Chelsea,2.11,15.3,6,Taxi,404
2019-03-12 18:14:47,2019-03-12 18:31:07,Midtown East,Midtown Center,1.1,16.3,1,Taxi,405
2019-03-21 21:41:31,2019-03-21 21:52:49,East Village,Kips Bay,1.4,14.3,2,Taxi,406
2019-03-05 14:54:04,2019-03-05 15:00:50,Upper West Side South,Upper West Side South,0.88,12.74,1,Taxi,407
2019-03-13 07:37:38,2019-03-13 07:53:49,Two Bridges/Seward Park,East Harlem South,5.9,22.3,2,Taxi,408
2019-03-11 17:20:38,2019-03-11 17:32:30,Midtown East,Times Sq/Theatre District,0.83,16.0,2,Taxi,409
2019-03-14 19:06:21,2019-03-14 19:28:14,East Chelsea,Garment District,1.05,17.8,1,Taxi,410
2019-03-07 09:07:26,2019-03-07 09:22:20,Upper West Side South,Central Park,1.39,14.8,1,Taxi,411
2019-03-31 11:37:47,2019-03-31 11:47:12,Gramercy,Flatiron,1.1,12.95,2,Taxi,412
2019-03-26 08:44:47,2019-03-26 08:51:36,Clinton East,Clinton West,1.2,12.25,1,Taxi,413
2019-03-05 07:39:37,2019-03-05 07:47:22,Upper West Side North,Upper East Side North,1.2,12.35,1,Taxi,414
2019-03-28 18:21:43,2019-03-28 18:23:48,Flatiron,East Chelsea,0.49,7.8,3,Taxi,415
2019-03-14 20:33:35,2019-03-14 20:47:52,Clinton East,Yorkville East,2.58,18.96,1,Taxi,416
2019-03-28 20:25:20,2019-03-28 20:47:14,East Harlem North,Randalls Island,8.24,39.07,1,Taxi,417
2019-03-04 06:44:01,2019-03-04 06:54:26,Greenwich Village North,Midtown East,2.1,14.0,0,Taxi,418
2019-03-15 08:17:30,2019-03-15 08:25:03,Upper East Side South,Midtown North,1.4,12.35,1,Taxi,419
2019-03-10 14:16:39,2019-03-10 14:18:12,East Harlem North,East Harlem South,0.55,4.3,1,Taxi,420
2019-03-13 14:37:14,2019-03-13 14:43:12,Little Italy/NoLiTa,West Village,0.7,10.55,0,Taxi,421
2019-03-24 15:12:59,2019-03-24 15:24:49,Times Sq/Theatre District,East Chelsea,0.9,11.8,2,Taxi,422
2019-03-01 18:33:04,2019-03-01 18:39:32,Clinton West,Garment District,0.8,12.35,2,Taxi,423
2019-03-01 08:32:53,2019-03-01 08:47:18,Hudson Sq,Alphabet City,3.09,18.36,1,Taxi,424
2019-03-31 00:14:24,2019-03-31 00:29:29,East Village,Two Bridges/Seward Park,1.9,16.3,1,Taxi,425
2019-03-24 04:54:14,2019-03-24 05:04:44,Union Sq,Alphabet City,2.07,14.3,1,Taxi,426
2019-03-06 22:16:22,2019-03-06 22:28:48,Times Sq/Theatre District,Upper East Side North,3.04,18.96,4,Taxi,427
2019-03-02 12:18:08,2019-03-02 12:32:38,East Chelsea,Midtown East,1.65,16.56,1,Taxi,428
2019-03-30 19:51:47,2019-03-30 20:16:37,LaGuardia Airport,Upper East Side North,8.44,42.07,1,Taxi,429
2019-03-22 07:46:12,2019-03-22 08:07:15,Murray Hill,West Chelsea/Hudson Yards,1.43,16.8,5,Taxi,430
2019-03-30 01:04:32,2019-03-30 01:20:04,Lower East Side,Murray Hill,3.95,21.23,3,Taxi,431
2019-03-02 07:28:47,2019-03-02 07:35:25,Upper East Side South,Murray Hill,1.5,10.3,1,Taxi,432
2019-03-14 23:53:10,2019-03-15 00:04:00,Midtown East,East Village,2.5,16.56,1,Taxi,433
2019-03-18 19:48:37,2019-03-18 19:51:15,Midtown Center,Times Sq/Theatre District,0.69,9.54,1,Taxi,434
2019-03-27 17:59:17,2019-03-27 18:27:22,Midtown Center,Kips Bay,2.75,26.76,1,Taxi,435
2019-03-26 18:05:04,2019-03-26 18:31:31,Times Sq/Theatre District,East Village,2.04,20.8,1,Taxi,436
2019-03-07 12:27:10,2019-03-07 12:48:31,East Chelsea,TriBeCa/Civic Center,3.39,23.76,1,Taxi,437
2019-03-17 15:49:14,2019-03-17 15:58:56,Midtown North,Penn Station/Madison Sq West,1.33,13.56,2,Taxi,438
2019-03-18 08:01:22,2019-03-18 08:09:14,Little Italy/NoLiTa,Greenwich Village North,1.15,12.36,2,Taxi,439
2019-03-21 22:07:10,2019-03-21 22:17:36,Upper West Side South,Lenox Hill West,1.94,15.5,1,Taxi,440
2019-03-28 10:09:23,2019-03-28 10:24:41,Central Park,Midtown Center,1.62,16.3,2,Taxi,441
2019-03-25 22:38:58,2019-03-25 22:43:42,Clinton East,Midtown North,0.81,9.3,2,Taxi,442
2019-03-20 12:49:35,2019-03-20 12:58:37,Penn Station/Madison Sq West,Garment District,0.37,10.3,3,Taxi,443
2019-03-14 12:30:56,2019-03-14 13:03:15,West Chelsea/Hudson Yards,Melrose South,11.79,39.8,1,Taxi,444
2019-03-14 00:59:00,2019-03-14 01:04:01,East Village,Murray Hill,1.4,12.35,1,Taxi,445
2019-03-19 06:57:14,2019-03-19 07:00:08,Boerum Hill,Columbia Street,1.3,6.3,1,Taxi,446
2019-03-30 12:01:56,2019-03-30 12:16:46,Midtown East,Central Park,3.42,19.3,1,Taxi,447
2019-03-09 20:25:17,2019-03-09 20:40:18,Penn Station/Madison Sq West,Battery Park City,2.6,18.95,2,Taxi,448
2019-03-12 21:15:09,2019-03-12 21:31:47,TriBeCa/Civic Center,East Village,2.1,18.95,2,Taxi,449
2019-03-23 14:33:01,2019-03-23 14:51:41,Battery Park City,Chinatown,1.63,15.8,5,Taxi,450
2019-03-01 21:02:27,2019-03-01 21:07:03,Midtown East,Upper East Side South,1.2,11.75,1,Taxi,451
2019-03-06 08:38:24,2019-03-06 08:57:53,Garment District,Murray Hill,1.26,15.8,1,Taxi,452
2019-03-11 22:41:38,2019-03-11 22:50:06,Clinton East,Midtown South,1.32,11.3,2,Taxi,453
2019-03-13 19:00:14,2019-03-13 19:49:44,Midtown North,Park Slope,9.0,47.75,1,Taxi,454
2019-03-08 18:37:06,2019-03-08 18:44:08,Morningside Heights,Upper West Side North,1.2,10.55,1,Taxi,455
2019-03-03 09:25:55,2019-03-03 09:34:53,Midtown North,West Chelsea/Hudson Yards,1.78,13.3,1,Taxi,456
2019-03-18 13:28:31,2019-03-18 13:39:03,Midtown North,Midtown East,0.9,11.3,3,Taxi,457
2019-03-25 16:02:33,2019-03-25 16:09:38,West Village,Penn Station/Madison Sq West,1.1,11.8,1,Taxi,458
2019-03-24 01:08:20,2019-03-24 01:08:34,Meatpacking/West Village West,Meatpacking/West Village West,0.02,6.3,1,Taxi,459
2019-03-26 14:18:55,2019-03-26 14:27:01,East Village,Gramercy,0.99,9.8,5,Taxi,460
2019-03-22 18:00:02,2019-03-22 18:13:31,Union Sq,East Village,1.8,14.3,1,Taxi,461
2019-03-31 10:54:31,2019-03-31 10:57:34,Williamsburg (South Side),Williamsburg (South Side),0.2,7.3,1,Taxi,462
2019-03-07 16:31:21,2019-03-07 16:40:50,TriBeCa/Civic Center,SoHo,1.15,12.8,1,Taxi,463
2019-03-25 18:58:26,2019-03-25 19:10:36,Hudson Sq,Financial District South,2.45,18.17,1,Taxi,464
2019-03-14 23:00:54,2019-03-14 23:19:05,Lower East Side,Times Sq/Theatre District,3.53,23.5,1,Taxi,465
2019-03-11 16:55:41,2019-03-11 17:06:13,Lenox Hill East,Lincoln Square East,2.03,13.8,5,Taxi,466
2019-03-07 09:09:24,2019-03-07 09:48:44,East Chelsea,Park Slope,8.19,39.56,3,Taxi,467
2019-03-29 03:34:59,2019-03-29 03:50:49,Clinton East,Washington Heights South,6.18,27.96,1,Taxi,468
2019-03-10 18:37:52,2019-03-10 18:58:09,Union Sq,Upper West Side North,4.0,24.95,1,Taxi,469
2019-03-08 21:34:20,2019-03-08 21:49:01,Financial District South,Brooklyn Heights,3.3,21.8,2,Taxi,470
2019-03-02 16:29:57,2019-03-02 16:34:41,Penn Station/Madison Sq West,Flatiron,0.86,10.56,1,Taxi,471
2019-03-29 18:35:28,2019-03-29 18:54:37,Midtown South,SoHo,2.1,20.76,1,Taxi,472
2019-03-30 22:50:12,2019-03-30 22:52:22,Central Park,Central Park,0.58,10.14,5,Taxi,473
2019-03-31 13:36:49,2019-03-31 14:00:43,Midtown East,East Chelsea,2.46,22.56,2,Taxi,474
2019-03-17 18:57:44,2019-03-17 19:03:18,Yorkville West,Sutton Place/Turtle Bay North,1.6,12.36,1,Taxi,475
2019-03-18 11:33:18,2019-03-18 11:43:03,Murray Hill,Midtown Center,0.93,11.9,2,Taxi,476
2019-03-23 11:12:10,2019-03-23 11:21:10,Greenwich Village South,World Trade Center,1.77,11.3,4,Taxi,477
2019-03-13 07:55:53,2019-03-13 07:59:35,Upper East Side South,Midtown East,0.88,10.38,1,Taxi,478
2019-03-09 13:24:54,2019-03-09 13:28:50,Upper East Side South,Midtown East,0.57,9.36,1,Taxi,479
2019-03-17 03:42:53,2019-03-17 03:50:53,Union Sq,Financial District North,2.54,15.96,5,Taxi,480
2019-03-01 19:51:23,2019-03-01 20:00:07,Midtown East,Kips Bay,1.47,14.16,1,Taxi,481
2019-03-31 09:52:21,2019-03-31 09:57:46,Penn Station/Madison Sq West,Union Sq,1.19,11.16,6,Taxi,482
2019-03-29 18:32:29,2019-03-29 18:45:32,Murray Hill,Two Bridges/Seward Park,2.79,20.16,1,Taxi,483
2019-03-20 14:05:34,2019-03-20 14:12:28,Lenox Hill West,Upper East Side North,1.02,9.8,2,Taxi,484
2019-03-30 18:52:10,2019-03-30 19:04:46,Midtown South,Upper East Side North,3.48,19.56,2,Taxi,485
2019-03-30 15:08:38,2019-03-30 15:19:44,Lincoln Square East,Upper East Side South,1.73,13.8,1,Taxi,486
2019-03-06 22:04:19,2019-03-06 22:12:56,Battery Park City,TriBeCa/Civic Center,1.11,12.96,4,Taxi,487
2019-03-16 03:09:49,2019-03-16 03:17:49,West Village,East Village,1.6,12.3,1,Taxi,488
2019-03-25 09:07:29,2019-03-25 09:30:47,Midtown Center,Hudson Sq,2.92,24.12,1,Taxi,489
2019-03-08 16:26:52,2019-03-08 16:32:17,Midtown Center,Midtown South,0.6,12.25,1,Taxi,490
2019-03-16 00:01:32,2019-03-16 00:27:06,Lincoln Square East,Steinway,5.24,28.3,1,Taxi,491
2019-03-07 07:11:33,2019-03-07 07:11:39,Murray Hill,Murray Hill,1.6,5.8,1,Taxi,492
2019-03-25 18:49:11,2019-03-25 18:55:59,Meatpacking/West Village West,TriBeCa/Civic Center,1.64,14.69,1,Taxi,493
2019-03-28 21:26:12,2019-03-28 21:33:37,Midtown North,Garment District,1.0,12.35,1,Taxi,494
2019-03-25 07:55:58,2019-03-25 08:03:50,Upper West Side North,Lincoln Square East,1.6,12.96,1,Taxi,495
2019-03-29 09:44:36,2019-03-29 10:07:13,Upper East Side South,Garment District,2.17,18.8,1,Taxi,496
2019-03-31 12:48:27,2019-03-31 12:58:46,Upper East Side South,Murray Hill,1.56,13.0,1,Taxi,497
2019-03-12 15:04:51,2019-03-12 15:12:22,Upper East Side South,Midtown East,0.6,9.3,1,Taxi,498
2019-03-24 21:50:26,2019-03-24 22:04:53,Yorkville West,Alphabet City,4.39,19.3,1,Taxi,499
2019-03-15 13:06:10,2019-03-15 13:30:26,Lenox Hill East,Fort Greene,8.4,36.95,1,Taxi,500
2019-03-05 22:01:02,2019-03-05 22:22:52,Penn Station/Madison Sq West,Long Island City/Hunters Point,4.36,26.16,1,Taxi,501
2019-03-21 16:33:14,2019-03-21 17:17:49,Midtown Center,LaGuardia Airport,9.65,53.82,1,Taxi,502
2019-03-27 18:07:50,2019-03-27 18:17:00,Financial District North,Two Bridges/Seward Park,2.7,16.3,1,Taxi,503
2019-03-30 21:45:17,2019-03-30 21:53:10,Upper West Side South,Morningside Heights,1.49,13.56,2,Taxi,504
2019-03-10 05:10:07,2019-03-10 05:25:27,Meatpacking/West Village West,Lincoln Square West,4.2,24.1,1,Taxi,505
2019-03-23 18:46:09,2019-03-23 18:59:54,Central Harlem,Lincoln Square East,2.8,16.8,1,Taxi,506
2019-03-05 09:12:13,2019-03-05 09:19:59,Murray Hill,Midtown South,0.5,10.8,1,Taxi,507
2019-03-24 17:06:49,2019-03-24 17:13:39,Times Sq/Theatre District,Penn Station/Madison Sq West,1.14,10.3,1,Taxi,508
2019-03-07 08:37:32,2019-03-07 09:02:32,Alphabet City,Melrose South,9.4,33.39,1,Taxi,509
2019-03-05 08:17:41,2019-03-05 08:29:39,Penn Station/Madison Sq West,Kips Bay,0.91,14.16,1,Taxi,510
2019-03-20 13:02:55,2019-03-20 13:42:30,Penn Station/Madison Sq West,Williamsburg (South Side),6.93,32.8,1,Taxi,511
2019-03-08 02:41:09,2019-03-08 03:03:39,Clinton East,Cobble Hill,6.5,27.3,1,Taxi,512
2019-03-02 00:50:31,2019-03-02 00:58:26,Kips Bay,West Village,1.5,13.0,1,Taxi,513
2019-03-19 15:20:37,2019-03-19 15:35:12,Lenox Hill West,Upper West Side North,2.0,16.28,1,Taxi,514
2019-03-07 06:16:11,2019-03-07 06:57:59,Rosedale,Clinton Hill,13.04,38.38,1,Taxi,515
2019-03-25 16:09:19,2019-03-25 16:49:22,LaGuardia Airport,Brooklyn Heights,10.88,45.36,1,Taxi,516
2019-03-08 08:25:31,2019-03-08 08:43:19,Murray Hill,Midtown East,1.7,16.3,2,Taxi,517
2019-03-30 00:55:22,2019-03-30 01:06:17,West Chelsea/Hudson Yards,Midtown South,1.96,12.8,2,Taxi,518
2019-03-08 02:37:35,2019-03-08 02:51:51,Midtown South,Central Harlem North,5.3,22.3,1,Taxi,519
2019-03-01 08:25:43,2019-03-01 08:36:41,Upper East Side North,Midtown North,0.83,13.56,1,Taxi,520
2019-03-17 01:02:45,2019-03-17 01:18:03,SoHo,West Chelsea/Hudson Yards,3.47,19.9,1,Taxi,521
2019-03-02 18:20:08,2019-03-02 18:44:15,Midtown Center,Financial District South,6.0,25.8,1,Taxi,522
2019-03-07 03:00:20,2019-03-07 03:08:01,Greenwich Village North,UN/Turtle Bay South,2.32,14.76,5,Taxi,523
2019-03-02 15:08:49,2019-03-02 15:30:27,Flatiron,Financial District South,3.5,22.56,2,Taxi,524
2019-03-26 17:03:17,2019-03-26 17:39:56,LaGuardia Airport,Garment District,8.84,42.06,1,Taxi,525
2019-03-28 14:07:41,2019-03-28 14:23:58,Clinton East,West Village,2.39,15.3,1,Taxi,526
2019-03-12 22:44:58,2019-03-12 22:56:40,Lincoln Square East,Midtown Center,2.0,13.8,2,Taxi,527
2019-03-06 17:26:44,2019-03-06 17:36:41,Lincoln Square West,Clinton East,1.3,15.95,1,Taxi,528
2019-03-11 12:25:53,2019-03-11 12:30:36,Flushing,East Flushing,0.89,6.3,1,Taxi,529
2019-03-10 12:16:52,2019-03-10 12:21:22,Lenox Hill West,Upper East Side North,1.5,11.75,0,Taxi,530
2019-03-16 15:37:34,2019-03-16 15:46:58,West Village,Gramercy,1.46,12.5,2,Taxi,531
2019-03-13 20:24:03,2019-03-13 20:33:10,Midtown South,East Village,1.42,14.16,1,Taxi,532
2019-03-20 21:25:03,2019-03-20 21:31:02,Times Sq/Theatre District,Midtown Center,1.0,11.27,1,Taxi,533
2019-03-14 13:28:00,2019-03-14 14:01:57,Upper West Side South,Penn Station/Madison Sq West,2.8,30.35,1,Taxi,534
2019-03-12 09:17:12,2019-03-12 09:55:52,Upper West Side North,Midtown South,4.4,30.3,1,Taxi,535
2019-03-24 14:49:15,2019-03-24 14:54:21,Bloomingdale,Upper West Side South,0.78,8.8,1,Taxi,536
2019-03-22 15:59:29,2019-03-22 16:10:08,Clinton East,Times Sq/Theatre District,0.52,13.56,1,Taxi,537
2019-03-26 05:48:16,2019-03-26 05:52:29,Old Astoria,Old Astoria,1.03,6.8,1,Taxi,538
2019-03-08 19:09:50,2019-03-08 19:46:58,LaGuardia Airport,Gramercy,9.28,50.67,1,Taxi,539
2019-03-29 14:36:11,2019-03-29 15:04:43,Midtown South,LaGuardia Airport,9.1,42.62,1,Taxi,540
2019-03-14 22:01:03,2019-03-14 22:24:33,Clinton East,Little Italy/NoLiTa,3.58,24.96,2,Taxi,541
2019-03-21 22:40:43,2019-03-21 22:57:27,Midtown East,West Village,3.2,20.76,1,Taxi,542
2019-03-31 22:51:53,2019-03-31 22:55:10,West Village,Meatpacking/West Village West,0.67,9.96,1,Taxi,543
2019-03-07 09:17:26,2019-03-07 09:22:40,Battery Park City,Hudson Sq,0.98,11.16,1,Taxi,544
2019-03-26 08:08:05,2019-03-26 08:25:58,Midtown East,UN/Turtle Bay South,0.7,17.75,2,Taxi,545
2019-03-27 11:03:43,2019-03-27 11:14:34,LaGuardia Airport,Forest Hills,4.2,15.8,1,Taxi,546
2019-03-23 11:35:30,2019-03-23 11:42:47,Murray Hill,Garment District,0.73,11.62,6,Taxi,547
2019-03-19 11:44:37,2019-03-19 12:05:39,Times Sq/Theatre District,West Village,2.52,17.8,1,Taxi,548
2019-03-26 21:03:37,2019-03-26 21:09:02,Upper East Side North,Yorkville West,0.87,9.3,6,Taxi,549
2019-03-16 22:51:55,2019-03-16 23:17:51,Lower East Side,East Chelsea,3.29,26.62,1,Taxi,550
2019-03-11 18:51:46,2019-03-11 18:57:50,Midtown Center,Midtown East,0.9,12.85,1,Taxi,551
2019-03-30 12:56:34,2019-03-30 13:12:56,Bloomingdale,Lenox Hill West,3.07,17.8,1,Taxi,552
2019-03-19 08:15:41,2019-03-19 08:21:25,Upper East Side North,Lenox Hill West,0.7,8.8,1,Taxi,553
2019-03-01 17:20:40,2019-03-01 17:24:49,Upper East Side North,Upper East Side South,0.83,11.16,1,Taxi,554
2019-03-31 17:36:23,2019-03-31 17:49:11,LaGuardia Airport,Sunnyside,4.7,19.56,1,Taxi,555
2019-03-27 07:52:03,2019-03-27 08:00:51,Murray Hill,Midtown Center,1.2,12.95,1,Taxi,556
2019-03-12 08:17:33,2019-03-12 08:38:51,Clinton East,Battery Park City,4.7,26.15,1,Taxi,557
2019-03-11 00:27:49,2019-03-11 00:31:23,UN/Turtle Bay South,Gramercy,1.5,11.75,1,Taxi,558
2019-03-27 18:12:36,2019-03-27 18:21:23,East Chelsea,Clinton West,2.16,15.96,1,Taxi,559
2019-03-06 14:58:30,2019-03-06 15:16:31,UN/Turtle Bay South,UN/Turtle Bay South,1.67,15.8,1,Taxi,560
2019-03-10 10:35:21,2019-03-10 10:39:16,Times Sq/Theatre District,Penn Station/Madison Sq West,0.8,8.3,2,Taxi,561
2019-03-19 06:33:59,2019-03-19 06:39:50,Upper West Side North,Upper East Side North,1.48,12.36,1,Taxi,562
2019-03-19 19:25:14,2019-03-19 19:29:10,Lenox Hill West,Lenox Hill West,0.61,10.56,2,Taxi,563
2019-03-16 01:44:25,2019-03-16 01:49:36,East Village,Kips Bay,1.42,12.36,1,Taxi,564
2019-03-06 13:33:16,2019-03-06 13:44:52,West Village,Penn Station/Madison Sq West,1.04,15.34,1,Taxi,565
2019-03-15 21:39:33,2019-03-15 21:57:41,Midtown Center,Penn Station/Madison Sq West,1.47,16.3,1,Taxi,566
2019-03-30 22:57:52,2019-03-30 23:15:38,Greenwich Village South,Murray Hill,2.32,18.74,5,Taxi,567
2019-03-29 21:49:47,2019-03-29 22:13:52,Penn Station/Madison Sq West,Lower East Side,2.9,20.3,2,Taxi,568
2019-03-11 16:55:42,2019-03-11 17:12:36,TriBeCa/Civic Center,Gramercy,1.9,18.95,1,Taxi,569
2019-03-02 20:58:52,2019-03-02 21:25:51,West Village,Upper East Side South,3.76,27.36,1,Taxi,570
2019-03-06 17:11:20,2019-03-06 17:42:51,TriBeCa/Civic Center,Murray Hill,4.2,28.3,1,Taxi,571
2019-03-15 16:13:07,2019-03-15 16:17:32,Upper East Side South,Upper East Side South,0.6,9.3,1,Taxi,572
2019-03-02 17:36:56,2019-03-02 17:46:32,Clinton East,East Chelsea,1.7,12.8,1,Taxi,573
2019-03-13 14:26:22,2019-03-13 14:33:08,Midtown Center,Union Sq,1.2,10.8,1,Taxi,574
2019-03-17 12:37:47,2019-03-17 12:59:21,Lincoln Square East,Sutton Place/Turtle Bay North,1.7,19.03,1,Taxi,575
2019-03-21 04:38:06,2019-03-21 04:56:45,Lower East Side,Manhattan Valley,7.4,32.75,2,Taxi,576
2019-03-09 23:05:14,2019-03-09 23:28:52,Lincoln Square East,Greenwich Village North,3.48,24.36,3,Taxi,577
2019-03-17 12:10:05,2019-03-17 12:15:28,Upper East Side South,Yorkville West,1.3,10.3,4,Taxi,578
2019-03-30 22:16:03,2019-03-30 22:43:13,West Village,Midtown North,2.47,25.56,5,Taxi,579
2019-03-07 17:56:52,2019-03-07 18:05:20,Upper East Side North,East Harlem South,1.2,12.8,1,Taxi,580
2019-03-01 14:04:20,2019-03-01 14:23:09,Midtown South,Central Park,1.73,15.8,2,Taxi,581
2019-03-23 13:53:38,2019-03-23 14:04:13,Midtown South,West Chelsea/Hudson Yards,0.88,14.12,5,Taxi,582
2019-03-15 09:40:55,2019-03-15 10:07:14,Flatiron,Midtown Center,1.86,20.55,1,Taxi,583
2019-03-22 20:20:21,2019-03-22 20:24:58,Gramercy,East Village,0.58,10.56,2,Taxi,584
2019-03-05 23:51:34,2019-03-06 00:07:55,Flatiron,Upper East Side North,4.2,22.55,1,Taxi,585
2019-03-13 08:33:37,2019-03-13 08:43:10,East Harlem South,Morningside Heights,2.1,12.35,4,Taxi,586
2019-03-14 08:56:08,2019-03-14 09:23:15,Garment District,Upper West Side North,3.2,21.8,1,Taxi,587
2019-03-10 06:37:49,2019-03-10 06:47:42,Yorkville West,Gramercy,4.44,21.36,6,Taxi,588
2019-03-19 06:28:02,2019-03-19 06:29:04,Lincoln Square West,Lincoln Square West,0.17,7.3,1,Taxi,589
2019-03-10 22:07:06,2019-03-10 22:28:45,Upper West Side North,Penn Station/Madison Sq West,3.5,21.8,1,Taxi,590
2019-03-14 16:22:50,2019-03-14 16:30:33,Central Park,Upper East Side North,1.04,12.3,2,Taxi,591
2019-03-31 23:43:45,2019-04-01 00:13:58,LaGuardia Airport,Williamsburg (South Side),12.25,40.8,5,Taxi,592
2019-03-06 08:12:52,2019-03-06 08:53:04,Battery Park City,Briarwood/Jamaica Hills,16.43,56.8,1,Taxi,593
2019-03-11 17:44:52,2019-03-11 18:03:27,Greenwich Village North,World Trade Center,2.15,20.76,1,Taxi,594
2019-03-27 02:08:11,2019-03-27 02:38:39,JFK Airport,East New York,9.6,32.3,1,Taxi,595
2019-03-22 19:25:34,2019-03-22 19:39:24,Midtown Center,Penn Station/Madison Sq West,1.45,14.8,1,Taxi,596
2019-03-14 07:19:23,2019-03-14 07:27:28,Penn Station/Madison Sq West,Greenwich Village South,1.8,13.55,1,Taxi,597
2019-03-04 07:43:37,2019-03-04 07:51:11,Upper East Side North,Midtown East,2.06,12.8,1,Taxi,598
2019-03-05 14:20:23,2019-03-05 14:28:41,Midtown North,Lincoln Square East,0.82,10.3,1,Taxi,599
2019-03-14 08:22:13,2019-03-14 08:32:32,Upper East Side South,Upper West Side North,1.86,12.8,1,Taxi,600
2019-03-24 16:19:28,2019-03-24 16:27:01,Midtown North,Lenox Hill West,0.9,10.8,3,Taxi,601
2019-03-05 19:50:23,2019-03-05 20:19:31,SoHo,Midwood,8.37,41.87,6,Taxi,602
2019-03-14 17:33:46,2019-03-14 17:41:50,Two Bridges/Seward Park,Gramercy,1.7,12.3,5,Taxi,603
2019-03-03 01:38:40,2019-03-03 01:49:06,SoHo,Kips Bay,2.07,15.96,5,Taxi,604
2019-03-24 12:24:59,2019-03-24 12:33:26,Lenox Hill East,Midtown East,1.72,14.69,1,Taxi,605
2019-03-04 17:17:37,2019-03-04 17:31:42,Midtown South,West Chelsea/Hudson Yards,1.96,14.8,1,Taxi,606
2019-03-19 15:04:40,2019-03-19 15:06:15,,Upper East Side South,0.4,8.15,1,Taxi,607
2019-03-29 14:08:30,2019-03-29 14:13:20,East Chelsea,West Chelsea/Hudson Yards,0.81,8.8,1,Taxi,608
2019-03-26 14:26:40,2019-03-26 14:41:31,East Village,Financial District South,1.85,13.8,2,Taxi,609
2019-03-07 15:10:00,2019-03-07 15:17:50,Greenwich Village South,Union Sq,1.18,13.39,1,Taxi,610
2019-03-22 08:18:14,2019-03-22 08:35:44,Midtown South,East Chelsea,1.41,17.76,5,Taxi,611
2019-03-29 23:02:19,2019-03-29 23:36:01,Lincoln Square West,Lower East Side,4.7,26.3,1,Taxi,612
2019-03-25 06:31:26,2019-03-25 07:09:53,Soundview/Castle Hill,Financial District South,14.74,48.09,1,Taxi,613
2019-03-23 16:19:54,2019-03-23 16:22:52,Hudson Sq,Meatpacking/West Village West,0.73,9.75,1,Taxi,614
2019-03-15 17:33:10,2019-03-15 17:48:38,Lincoln Square East,Midtown East,1.66,15.3,1,Taxi,615
2019-03-17 21:50:08,2019-03-17 21:53:53,West Village,Greenwich Village North,0.41,9.96,1,Taxi,616
2019-03-05 13:20:19,2019-03-05 13:36:33,Upper East Side North,Lenox Hill West,1.26,15.18,2,Taxi,617
2019-03-04 06:47:08,2019-03-04 06:49:48,Upper East Side South,Midtown East,0.82,9.36,2,Taxi,618
2019-03-12 19:21:21,2019-03-12 19:31:36,Bloomingdale,Central Harlem North,1.74,12.96,2,Taxi,619
2019-03-06 14:20:54,2019-03-06 14:26:36,Upper East Side South,Upper West Side North,1.23,11.16,2,Taxi,620
2019-03-09 13:19:46,2019-03-09 13:29:10,East Chelsea,Clinton East,0.96,10.8,5,Taxi,621
2019-03-15 17:16:35,2019-03-15 17:25:01,Upper East Side North,Upper East Side South,1.3,11.8,1,Taxi,622
2019-03-12 19:52:36,2019-03-12 19:52:55,,,0.0,166.0,3,Taxi,623
2019-03-25 00:02:17,2019-03-25 00:25:26,Greenwich Village South,Ridgewood,7.8,35.3,1,Taxi,624
2019-03-05 09:59:42,2019-03-05 10:00:34,Upper West Side South,Upper West Side South,0.31,7.3,1,Taxi,625
2019-03-08 00:09:21,2019-03-08 00:29:04,East Chelsea,Brooklyn Heights,4.3,23.8,1,Taxi,626
2019-03-14 13:31:59,2019-03-14 13:51:33,Midtown North,Midtown South,1.3,18.96,1,Taxi,627
2019-03-24 20:39:39,2019-03-24 20:59:44,East Chelsea,Sutton Place/Turtle Bay North,2.35,21.36,3,Taxi,628
2019-03-30 10:37:45,2019-03-30 10:53:13,Stuy Town/Peter Cooper Village,West Chelsea/Hudson Yards,2.11,19.24,1,Taxi,629
2019-03-21 21:45:26,2019-03-21 21:50:08,Greenwich Village North,Gramercy,0.76,10.12,1,Taxi,630
2019-03-14 15:30:55,2019-03-14 15:35:27,Upper West Side South,Lincoln Square West,0.5,10.79,5,Taxi,631
2019-03-24 12:11:02,2019-03-24 12:12:54,Lenox Hill West,Lenox Hill West,0.34,6.8,1,Taxi,632
2019-03-02 20:23:12,2019-03-02 20:27:35,West Village,Penn Station/Madison Sq West,0.9,9.3,1,Taxi,633
2019-03-01 14:47:03,2019-03-01 15:13:19,World Trade Center,Clinton East,3.88,21.8,1,Taxi,634
2019-03-08 00:06:51,2019-03-08 00:09:31,East Village,Greenwich Village North,0.48,7.8,2,Taxi,635
2019-03-28 11:30:22,2019-03-28 11:40:46,Midtown Center,Garment District,0.85,12.96,2,Taxi,636
2019-03-05 23:57:47,2019-03-06 00:06:22,East Village,Meatpacking/West Village West,1.52,13.56,1,Taxi,637
2019-03-12 22:15:40,2019-03-12 22:41:24,Greenwich Village South,Central Harlem,8.04,36.96,5,Taxi,638
2019-03-07 14:27:58,2019-03-07 14:45:49,Sunnyside,Elmhurst,2.25,13.8,1,Taxi,639
2019-03-19 18:22:18,2019-03-19 18:37:55,Penn Station/Madison Sq West,Lincoln Square East,1.9,16.8,1,Taxi,640
2019-03-04 10:03:02,2019-03-04 10:16:43,Midtown South,West Chelsea/Hudson Yards,1.8,16.56,1,Taxi,641
2019-03-04 13:07:08,2019-03-04 13:12:17,Upper East Side North,Upper East Side North,0.5,9.55,0,Taxi,642
2019-03-05 18:01:11,2019-03-05 18:10:47,Union Sq,Murray Hill,0.9,14.75,2,Taxi,643
2019-03-14 16:03:32,2019-03-14 16:24:29,Union Sq,Times Sq/Theatre District,1.6,21.36,1,Taxi,644
2019-03-30 21:50:51,2019-03-30 21:51:40,Lenox Hill East,Yorkville West,0.3,8.8,2,Taxi,645
2019-03-13 10:42:22,2019-03-13 10:53:20,Sutton Place/Turtle Bay North,Midtown East,0.82,13.56,2,Taxi,646
2019-03-19 19:21:13,2019-03-19 19:40:01,Gramercy,Yorkville West,5.21,28.56,1,Taxi,647
2019-03-05 14:04:59,2019-03-05 14:33:05,Lenox Hill East,Clinton East,2.78,21.3,1,Taxi,648
2019-03-21 11:47:07,2019-03-21 12:00:06,Midtown North,Lincoln Square East,0.88,15.38,2,Taxi,649
2019-03-19 20:04:44,2019-03-19 20:18:55,Midtown South,Lenox Hill West,2.27,17.76,1,Taxi,650
2019-03-11 14:47:42,2019-03-11 15:00:34,Midtown Center,Penn Station/Madison Sq West,0.9,13.3,1,Taxi,651
2019-03-16 17:54:48,2019-03-16 18:30:32,Penn Station/Madison Sq West,East Williamsburg,6.34,36.8,1,Taxi,652
2019-03-29 08:35:09,2019-03-29 08:44:52,Lincoln Square East,Midtown North,1.2,12.8,1,Taxi,653
2019-03-08 10:24:07,2019-03-08 10:31:43,West Village,West Chelsea/Hudson Yards,1.23,12.36,1,Taxi,654
2019-03-02 14:55:02,2019-03-02 15:02:32,Penn Station/Madison Sq West,Flatiron,0.43,11.16,1,Taxi,655
2019-03-20 13:17:32,2019-03-20 13:27:23,Gramercy,Greenwich Village South,1.18,11.3,1,Taxi,656
2019-03-20 17:22:19,2019-03-20 17:30:32,East Village,Greenwich Village North,0.86,12.96,1,Taxi,657
2019-03-10 11:53:53,2019-03-10 12:01:39,Times Sq/Theatre District,West Chelsea/Hudson Yards,1.0,9.8,0,Taxi,658
2019-03-23 03:12:19,2019-03-23 03:18:48,West Village,Little Italy/NoLiTa,1.5,12.42,1,Taxi,659
2019-03-15 18:55:51,2019-03-15 19:06:35,Garment District,Sutton Place/Turtle Bay North,2.26,16.56,1,Taxi,660
2019-03-13 12:15:18,2019-03-13 12:38:20,Flatiron,Upper East Side South,2.76,23.16,1,Taxi,661
2019-03-01 00:29:22,2019-03-01 00:32:48,Meatpacking/West Village West,Meatpacking/West Village West,0.74,9.3,4,Taxi,662
2019-03-30 14:13:42,2019-03-30 14:19:13,Midtown North,Times Sq/Theatre District,0.9,9.3,2,Taxi,663
2019-03-22 14:11:52,2019-03-22 14:19:38,Midtown South,Greenwich Village North,1.31,12.36,1,Taxi,664
2019-03-20 13:03:59,2019-03-20 13:20:35,West Chelsea/Hudson Yards,Lincoln Square East,2.3,18.95,1,Taxi,665
2019-03-03 10:03:38,2019-03-03 10:21:28,Central Harlem,Williamsbridge/Olinville,9.8,28.8,1,Taxi,666
2019-03-30 00:33:57,2019-03-30 00:41:35,Midtown North,Lenox Hill East,1.75,13.0,6,Taxi,667
2019-03-20 09:31:34,2019-03-20 09:48:38,Lincoln Square West,Upper East Side South,1.63,19.12,1,Taxi,668
2019-03-09 18:05:57,2019-03-09 18:40:11,Upper West Side North,Union Sq,4.63,31.56,1,Taxi,669
2019-03-29 08:50:54,2019-03-29 08:57:42,Greenwich Village North,Meatpacking/West Village West,1.09,10.5,1,Taxi,670
2019-03-08 04:50:48,2019-03-08 04:51:07,Lenox Hill East,Lenox Hill East,0.0,6.3,1,Taxi,671
2019-03-09 22:45:46,2019-03-09 22:46:50,,Lincoln Square East,0.4,7.3,1,Taxi,672
2019-03-06 15:07:11,2019-03-06 15:11:29,Yorkville East,Yorkville East,0.48,9.36,1,Taxi,673
2019-03-12 12:07:21,2019-03-12 12:18:08,Washington Heights South,University Heights/Morris Heights,1.8,10.3,1,Taxi,674
2019-03-04 23:39:52,2019-03-04 23:50:06,Greenwich Village North,Midtown North,2.68,17.16,1,Taxi,675
2019-03-01 02:51:42,2019-03-01 03:08:25,West Village,Upper West Side South,5.0,25.55,1,Taxi,676
2019-03-21 08:29:48,2019-03-21 09:15:43,Midtown South,JFK Airport,17.13,73.27,2,Taxi,677
2019-03-26 15:08:40,2019-03-26 15:14:03,Midtown North,Times Sq/Theatre District,0.55,8.8,4,Taxi,678
2019-03-05 20:54:43,2019-03-05 20:59:44,Murray Hill,Midtown East,1.1,12.05,1,Taxi,679
2019-03-06 17:29:47,2019-03-06 17:40:24,Union Sq,Murray Hill,0.91,14.76,1,Taxi,680
2019-03-27 20:21:50,2019-03-27 20:32:32,West Village,Financial District North,2.05,15.36,2,Taxi,681
2019-03-18 17:54:03,2019-03-18 17:57:34,West Village,SoHo,0.71,9.91,1,Taxi,682
2019-03-01 16:04:51,2019-03-01 16:16:59,Upper East Side North,East Harlem North,2.0,14.3,1,Taxi,683
2019-03-05 07:31:15,2019-03-05 07:47:00,Lenox Hill West,Financial District North,6.03,26.76,1,Taxi,684
2019-03-11 20:48:45,2019-03-11 21:04:19,East Village,Sutton Place/Turtle Bay North,3.15,20.16,1,Taxi,685
2019-03-06 23:07:04,2019-03-06 23:24:10,LaGuardia Airport,Central Harlem North,6.4,26.56,1,Taxi,686
2019-03-27 15:02:00,2019-03-27 15:31:19,East Chelsea,Manhattan Valley,3.79,23.3,1,Taxi,687
2019-03-08 23:36:13,2019-03-08 23:59:22,Upper West Side South,Union Sq,3.6,22.3,1,Taxi,688
2019-03-25 22:24:47,2019-03-25 22:29:33,Flatiron,Greenwich Village North,0.69,8.8,5,Taxi,689
2019-03-29 21:08:42,2019-03-29 21:11:13,Upper West Side South,Upper West Side South,0.26,10.14,2,Taxi,690
2019-03-31 14:38:27,2019-03-31 14:57:02,Penn Station/Madison Sq West,Financial District North,3.35,17.3,1,Taxi,691
2019-03-23 21:48:43,2019-03-23 21:58:19,Midtown South,Midtown Center,1.4,14.75,1,Taxi,692
2019-03-22 11:18:05,2019-03-22 11:27:31,Midtown South,Kips Bay,1.43,11.3,1,Taxi,693
2019-03-10 08:17:28,2019-03-10 08:21:07,Upper West Side North,Upper West Side South,0.64,7.8,1,Taxi,694
2019-03-13 11:12:11,2019-03-13 11:47:17,Brooklyn Heights,Midtown East,7.0,38.15,1,Taxi,695
2019-03-22 07:28:03,2019-03-22 07:34:01,Union Sq,Times Sq/Theatre District,1.5,12.74,0,Taxi,696
2019-03-06 11:44:21,2019-03-06 12:03:05,Upper East Side North,Midtown Center,1.94,20.38,1,Taxi,697
2019-03-06 14:49:20,2019-03-06 15:00:14,Upper East Side South,Midtown East,1.15,14.16,1,Taxi,698
2019-03-07 13:00:42,2019-03-07 13:26:42,Times Sq/Theatre District,Yorkville West,3.21,24.96,2,Taxi,699
2019-03-04 09:03:11,2019-03-04 09:20:35,Astoria,UN/Turtle Bay South,3.7,18.3,1,Taxi,700
2019-03-12 22:10:39,2019-03-12 22:19:06,Clinton East,Penn Station/Madison Sq West,1.33,13.56,1,Taxi,701
2019-03-14 19:27:03,2019-03-14 19:30:46,Upper East Side South,Upper East Side North,1.0,11.15,1,Taxi,702
2019-03-06 22:02:51,2019-03-06 22:12:40,Clinton East,Upper West Side North,1.6,15.35,1,Taxi,703
2019-03-01 06:44:12,2019-03-01 06:51:23,Sunnyside,Astoria,1.26,7.3,1,Taxi,704
2019-03-02 16:26:56,2019-03-02 16:31:23,Union Sq,Murray Hill,0.6,9.95,1,Taxi,705
2019-03-17 21:21:53,2019-03-17 21:27:29,Lincoln Square East,Lincoln Square East,0.76,11.76,1,Taxi,706
2019-03-07 23:42:53,2019-03-07 23:53:04,Lincoln Square East,Upper East Side South,1.81,12.8,1,Taxi,707
2019-03-01 19:00:49,2019-03-01 19:11:37,East Village,UN/Turtle Bay South,1.73,15.96,3,Taxi,708
2019-03-07 14:44:13,2019-03-07 15:13:12,Manhattan Valley,Midtown Center,3.04,26.76,1,Taxi,709
2019-03-30 00:02:40,2019-03-30 00:11:25,Midtown South,Kips Bay,0.95,13.56,5,Taxi,710
2019-03-30 19:01:35,2019-03-30 19:15:02,Midtown North,Midtown South,1.31,12.3,1,Taxi,711
2019-03-21 17:39:50,2019-03-21 18:12:54,Midtown East,,1.74,25.56,2,Taxi,712
2019-03-03 01:24:45,2019-03-03 01:29:32,,West Chelsea/Hudson Yards,0.8,10.55,1,Taxi,713
2019-03-08 12:36:26,2019-03-08 12:45:12,West Village,West Chelsea/Hudson Yards,1.3,12.0,1,Taxi,714
2019-03-26 17:51:56,2019-03-26 18:04:02,Midtown East,Upper East Side North,1.9,17.85,1,Taxi,715
2019-03-16 23:59:34,2019-03-17 00:19:39,Lower East Side,Bushwick South,3.8,21.8,1,Taxi,716
2019-03-14 00:09:16,2019-03-14 00:14:32,Times Sq/Theatre District,Garment District,0.67,10.56,1,Taxi,717
2019-03-09 09:22:33,2019-03-09 09:35:41,Midtown South,Financial District South,5.26,20.8,6,Taxi,718
2019-03-14 14:10:31,2019-03-14 14:29:43,Upper West Side South,Midtown Center,1.53,15.8,1,Taxi,719
2019-03-31 11:04:13,2019-03-31 11:29:35,Upper East Side South,LaGuardia Airport,10.97,52.58,1,Taxi,720
2019-03-05 20:33:14,2019-03-05 20:56:57,TriBeCa/Civic Center,East Harlem South,7.43,33.96,1,Taxi,721
2019-03-23 18:40:06,2019-03-23 18:52:52,East Village,East Chelsea,1.55,15.36,1,Taxi,722
2019-03-13 09:43:59,2019-03-13 10:00:02,Lincoln Square West,Central Park,2.16,18.96,2,Taxi,723
2019-03-08 20:53:27,2019-03-08 20:59:44,Union Sq,East Chelsea,1.0,11.3,2,Taxi,724
2019-03-06 06:36:47,2019-03-06 06:40:19,Murray Hill,Midtown East,0.96,8.3,1,Taxi,725
2019-03-06 16:30:34,2019-03-06 16:34:40,Upper East Side North,Upper East Side North,0.3,8.8,1,Taxi,726
2019-03-04 20:58:17,2019-03-04 21:09:14,Times Sq/Theatre District,Upper West Side North,2.6,17.16,6,Taxi,727
2019-03-19 23:06:51,2019-03-19 23:38:27,JFK Airport,West Village,18.86,71.06,1,Taxi,728
2019-03-15 14:09:58,2019-03-15 14:28:28,Clinton East,Greenwich Village North,2.57,16.8,4,Taxi,729
2019-03-29 09:28:46,2019-03-29 09:50:15,Upper West Side South,Clinton East,2.28,19.3,5,Taxi,730
2019-03-26 22:36:11,2019-03-26 22:53:38,Midtown Center,East Village,4.4,24.36,2,Taxi,731
2019-03-27 10:49:41,2019-03-27 11:22:33,LaGuardia Airport,Midtown Center,10.28,49.87,4,Taxi,732
2019-03-29 17:07:27,2019-03-29 17:20:41,Midtown Center,Clinton East,1.3,16.55,2,Taxi,733
2019-03-13 12:11:35,2019-03-13 12:24:33,Manhattan Valley,Upper East Side North,1.9,15.3,2,Taxi,734
2019-03-06 20:25:17,2019-03-06 20:36:54,Midtown East,Gramercy,1.75,15.96,1,Taxi,735
2019-03-18 14:53:39,2019-03-18 15:14:37,Lenox Hill East,Upper West Side South,2.57,16.8,5,Taxi,736
2019-03-08 19:42:21,2019-03-08 20:05:35,Midtown East,Upper West Side North,4.5,22.3,1,Taxi,737
2019-03-29 00:20:16,2019-03-29 00:24:06,Hudson Sq,SoHo,0.43,9.96,1,Taxi,738
2019-03-14 07:49:10,2019-03-14 08:03:06,East Harlem South,Lenox Hill West,1.9,15.8,1,Taxi,739
2019-03-14 00:09:17,2019-03-14 00:09:21,Upper East Side South,,0.03,3.8,1,Taxi,740
2019-03-24 11:23:28,2019-03-24 11:28:51,Flatiron,Midtown South,0.9,10.56,1,Taxi,741
2019-03-05 22:19:04,2019-03-05 22:25:14,Lincoln Square East,Midtown North,0.92,9.8,2,Taxi,742
2019-03-05 09:52:36,2019-03-05 10:03:47,Greenwich Village North,Murray Hill,1.32,11.8,1,Taxi,743
2019-03-21 10:02:10,2019-03-21 10:13:28,Upper East Side North,Upper East Side South,1.5,14.76,1,Taxi,744
2019-03-23 22:09:03,2019-03-23 22:23:42,Greenwich Village South,Flatiron,1.7,14.3,2,Taxi,745
2019-03-30 12:34:41,2019-03-30 13:09:35,Battery Park City,LaGuardia Airport,16.11,66.32,1,Taxi,746
2019-03-25 22:14:18,2019-03-25 22:26:38,Garment District,East Village,2.59,15.3,1,Taxi,747
2019-03-11 06:46:52,2019-03-11 06:56:23,Clinton East,Murray Hill,1.5,14.15,1,Taxi,748
2019-03-03 22:59:34,2019-03-03 23:00:39,Midtown South,Union Sq,0.44,8.76,2,Taxi,749
2019-03-08 15:11:18,2019-03-08 15:22:50,Penn Station/Madison Sq West,Garment District,0.66,10.8,1,Taxi,750
2019-03-01 16:06:38,2019-03-01 16:19:31,Murray Hill,Clinton West,1.7,14.3,2,Taxi,751
2019-03-13 10:01:25,2019-03-13 10:09:13,Upper West Side South,Lincoln Square East,1.42,12.0,1,Taxi,752
2019-03-14 18:05:49,2019-03-14 18:10:43,Greenwich Village South,Little Italy/NoLiTa,0.4,9.3,1,Taxi,753
2019-03-13 22:05:33,2019-03-13 22:17:47,Midtown North,Upper East Side North,2.64,18.5,1,Taxi,754
2019-03-28 23:02:53,2019-03-28 23:15:00,Flatiron,Alphabet City,2.09,17.25,2,Taxi,755
2019-03-20 21:17:21,2019-03-20 21:20:49,Lenox Hill East,Yorkville West,0.66,9.96,4,Taxi,756
2019-03-22 18:48:22,2019-03-22 19:02:41,Garment District,Midtown South,1.48,14.3,5,Taxi,757
2019-03-10 19:25:47,2019-03-10 19:57:45,JFK Airport,East New York,9.98,33.8,1,Taxi,758
2019-03-05 14:55:41,2019-03-05 15:01:57,East Village,Gramercy,0.87,11.16,1,Taxi,759
2019-03-05 14:01:16,2019-03-05 14:15:19,Penn Station/Madison Sq West,Greenwich Village South,2.0,17.25,1,Taxi,760
2019-03-26 19:40:05,2019-03-26 20:11:32,LaGuardia Airport,Midtown North,11.49,56.95,1,Taxi,761
2019-03-22 15:16:17,2019-03-22 15:29:48,Lenox Hill East,Alphabet City,4.18,21.96,1,Taxi,762
2019-03-09 02:06:34,2019-03-09 02:14:14,UN/Turtle Bay South,East Harlem South,3.2,14.3,2,Taxi,763
2019-03-27 10:58:53,2019-03-27 11:17:26,Midtown Center,Upper East Side North,1.9,16.3,2,Taxi,764
2019-03-08 18:25:53,2019-03-08 18:29:52,Midtown North,Midtown Center,0.67,9.8,1,Taxi,765
2019-03-24 19:36:32,2019-03-24 19:42:23,TriBeCa/Civic Center,Battery Park City,1.1,11.16,1,Taxi,766
2019-03-21 07:18:47,2019-03-21 07:27:25,Upper East Side North,Midtown Center,1.9,11.8,1,Taxi,767
2019-03-14 13:27:37,2019-03-14 13:32:26,Upper East Side South,Upper East Side North,0.74,10.56,1,Taxi,768
2019-03-15 23:02:19,2019-03-15 23:42:01,Prospect Heights,Upper West Side South,8.4,37.3,6,Taxi,769
2019-03-15 08:39:34,2019-03-15 08:57:48,Upper East Side North,Midtown East,1.91,18.96,5,Taxi,770
2019-03-02 03:16:59,2019-03-02 03:17:06,JFK Airport,JFK Airport,9.4,3.8,0,Taxi,771
2019-03-14 14:58:47,2019-03-14 15:14:38,West Village,Little Italy/NoLiTa,1.4,17.15,2,Taxi,772
2019-03-05 16:51:21,2019-03-05 16:54:52,West Village,West Village,0.52,8.3,1,Taxi,773
2019-03-31 18:51:15,2019-03-31 19:01:14,Times Sq/Theatre District,Lenox Hill West,1.6,14.75,0,Taxi,774
2019-03-19 12:43:53,2019-03-19 12:58:50,Midtown East,Upper East Side North,2.1,14.3,1,Taxi,775
2019-03-07 22:58:59,2019-03-07 23:02:40,Sutton Place/Turtle Bay North,Murray Hill,0.66,8.8,1,Taxi,776
2019-03-31 12:38:17,2019-03-31 12:47:31,Midtown Center,Clinton East,1.32,12.96,1,Taxi,777
2019-03-19 01:35:57,2019-03-19 01:41:50,Union Sq,Union Sq,0.83,11.16,1,Taxi,778
2019-03-07 08:24:28,2019-03-07 08:28:45,Clinton East,Lincoln Square East,0.58,9.96,1,Taxi,779
2019-03-09 16:30:58,2019-03-09 16:37:21,Yorkville West,Central Park,1.43,12.36,1,Taxi,780
2019-03-26 20:21:36,2019-03-26 20:38:18,World Trade Center,Lower East Side,2.26,18.96,1,Taxi,781
2019-03-13 10:22:51,2019-03-13 10:25:17,Sutton Place/Turtle Bay North,Sutton Place/Turtle Bay North,0.4,8.16,1,Taxi,782
2019-03-18 09:40:33,2019-03-18 10:49:35,LaGuardia Airport,Lenox Hill East,12.06,69.67,1,Taxi,783
2019-03-17 15:38:34,2019-03-17 15:41:21,Midtown South,Midtown South,0.34,8.03,5,Taxi,784
2019-03-31 17:00:03,2019-03-31 17:14:41,Yorkville West,Lincoln Square East,2.5,15.3,2,Taxi,785
2019-03-15 15:10:03,2019-03-15 16:25:25,Murray Hill,JFK Airport,16.3,79.36,1,Taxi,786
2019-03-07 01:23:12,2019-03-07 01:50:49,Times Sq/Theatre District,Forest Hills,9.93,41.16,3,Taxi,787
2019-03-26 23:11:09,2019-03-26 23:27:02,Greenwich Village North,East Harlem North,6.23,27.36,1,Taxi,788
2019-03-05 12:12:14,2019-03-05 12:23:14,Lincoln Square West,Times Sq/Theatre District,1.2,14.16,2,Taxi,789
2019-03-28 15:25:53,2019-03-28 15:52:18,Murray Hill,TriBeCa/Civic Center,6.6,29.3,1,Taxi,790
2019-03-22 09:27:23,2019-03-22 09:47:03,Gramercy,Times Sq/Theatre District,1.9,20.35,1,Taxi,791
2019-03-22 22:52:23,2019-03-22 23:00:31,Sutton Place/Turtle Bay North,Long Island City/Hunters Point,2.5,15.96,1,Taxi,792
2019-03-20 17:49:25,2019-03-20 17:56:36,Midtown East,Lenox Hill West,0.9,12.96,3,Taxi,793
2019-03-16 04:20:57,2019-03-16 04:24:03,Kips Bay,Midtown South,0.47,8.3,2,Taxi,794
2019-03-06 10:01:53,2019-03-06 10:27:29,Upper East Side South,Clinton East,2.15,23.16,2,Taxi,795
2019-03-09 20:37:37,2019-03-09 20:46:32,Lenox Hill West,Lenox Hill West,1.21,11.3,1,Taxi,796
2019-03-15 17:00:51,2019-03-15 17:06:36,Greenwich Village North,East Village,0.7,9.8,1,Taxi,797
2019-03-11 21:43:25,2019-03-11 21:52:35,Upper West Side South,Yorkville East,2.1,12.8,1,Taxi,798
2019-03-20 20:56:41,2019-03-20 21:16:57,Clinton East,Stuy Town/Peter Cooper Village,3.26,21.96,2,Taxi,799
2019-03-23 13:15:50,2019-03-23 13:30:47,Penn Station/Madison Sq West,East Chelsea,0.91,17.25,6,Taxi,800
2019-03-11 11:15:43,2019-03-11 11:27:36,Lenox Hill West,UN/Turtle Bay South,1.36,13.8,1,Taxi,801
2019-03-08 17:25:55,2019-03-08 17:41:20,Murray Hill,Lenox Hill East,1.5,16.83,1,Taxi,802
2019-03-10 17:43:09,2019-03-10 17:55:08,Clinton West,Meatpacking/West Village West,3.07,18.36,1,Taxi,803
2019-03-14 10:40:55,2019-03-14 10:49:03,Upper West Side North,Upper East Side North,1.23,12.96,1,Taxi,804
2019-03-28 14:22:49,2019-03-28 14:40:03,Lincoln Square East,Upper East Side North,2.71,19.56,1,Taxi,805
2019-03-20 17:51:43,2019-03-20 17:55:08,Greenwich Village North,Greenwich Village South,0.47,8.3,1,Taxi,806
2019-03-09 17:14:24,2019-03-09 17:23:42,Midtown Center,Upper East Side North,1.6,11.3,3,Taxi,807
2019-03-13 23:26:58,2019-03-13 23:37:02,Meatpacking/West Village West,Kips Bay,2.36,15.96,1,Taxi,808
2019-03-01 22:39:03,2019-03-01 22:51:14,Midtown North,Upper West Side North,2.78,18.36,1,Taxi,809
2019-03-01 23:51:09,2019-03-02 00:04:12,Upper West Side North,Lenox Hill West,2.6,17.14,1,Taxi,810
2019-03-30 22:29:15,2019-03-30 22:36:03,Clinton West,Lincoln Square East,1.46,12.8,6,Taxi,811
2019-03-23 19:08:25,2019-03-23 19:14:28,Lenox Hill West,Midtown North,1.28,11.8,2,Taxi,812
2019-03-12 09:33:28,2019-03-12 09:36:38,Lenox Hill West,Upper East Side North,0.48,7.3,1,Taxi,813
2019-03-10 16:28:37,2019-03-10 16:41:09,Flatiron,Union Sq,0.9,14.75,1,Taxi,814
2019-03-03 13:54:01,2019-03-03 14:39:09,JFK Airport,Upper West Side North,20.39,76.32,2,Taxi,815
2019-03-07 15:51:08,2019-03-07 16:01:03,Garment District,Union Sq,1.03,12.96,2,Taxi,816
2019-03-02 13:24:13,2019-03-02 13:28:53,Yorkville West,Sutton Place/Turtle Bay North,1.5,11.75,1,Taxi,817
2019-03-16 20:36:10,2019-03-16 21:16:11,Clinton East,East Village,3.2,32.75,1,Taxi,818
2019-03-23 15:08:14,2019-03-23 15:35:29,Penn Station/Madison Sq West,Lenox Hill West,3.3,26.15,1,Taxi,819
2019-03-17 19:30:19,2019-03-17 19:41:39,Lincoln Square East,Upper West Side North,2.1,12.8,1,Taxi,820
2019-03-14 01:41:38,2019-03-14 01:49:32,LaGuardia Airport,Flushing Meadows-Corona Park,2.8,11.8,1,Taxi,821
2019-03-29 01:08:41,2019-03-29 01:25:18,East Village,Midtown North,3.4,17.3,1,Taxi,822
2019-03-16 18:45:55,2019-03-16 18:48:45,Penn Station/Madison Sq West,West Chelsea/Hudson Yards,0.56,7.3,1,Taxi,823
2019-03-03 15:46:16,2019-03-03 15:49:16,Lincoln Square East,Lincoln Square East,0.49,8.0,1,Taxi,824
2019-03-10 10:15:12,2019-03-10 10:21:50,Upper East Side South,Murray Hill,1.42,12.88,2,Taxi,825
2019-03-18 15:42:31,2019-03-18 15:52:16,Lincoln Square East,Upper East Side North,2.02,14.76,1,Taxi,826
2019-03-12 22:04:50,2019-03-12 22:13:13,Murray Hill,Sutton Place/Turtle Bay North,1.62,13.56,1,Taxi,827
2019-03-26 13:12:00,2019-03-26 13:14:13,Upper East Side North,East Harlem South,0.53,8.1,1,Taxi,828
2019-03-15 00:55:30,2019-03-15 01:26:34,Greenwich Village North,Yorkville West,7.88,37.25,6,Taxi,829
2019-03-24 01:43:50,2019-03-24 02:07:27,Little Italy/NoLiTa,Long Island City/Queens Plaza,6.3,28.8,1,Taxi,830
2019-03-07 20:38:23,2019-03-07 21:10:51,JFK Airport,Midtown East,17.74,73.27,1,Taxi,831
2019-03-12 15:29:13,2019-03-12 15:41:52,Clinton East,Midtown Center,1.1,15.95,1,Taxi,832
2019-03-05 21:32:07,2019-03-05 21:48:09,TriBeCa/Civic Center,Columbia Street,4.0,19.3,1,Taxi,833
2019-03-04 09:52:32,2019-03-04 09:57:07,Flatiron,Greenwich Village South,0.9,8.3,1,Taxi,834
2019-03-10 12:27:53,2019-03-10 12:40:58,Murray Hill,Clinton East,1.8,15.95,1,Taxi,835
2019-03-15 16:07:40,2019-03-15 16:18:54,World Trade Center,Meatpacking/West Village West,2.56,14.8,2,Taxi,836
2019-03-29 21:34:45,2019-03-29 21:38:40,Penn Station/Madison Sq West,Midtown South,0.5,9.3,1,Taxi,837
2019-03-08 11:21:57,2019-03-08 11:47:46,Midtown Center,Greenwich Village North,2.27,23.76,1,Taxi,838
2019-03-05 12:42:33,2019-03-05 12:46:02,Central Park,Upper East Side South,0.4,9.13,1,Taxi,839
2019-03-22 15:01:35,2019-03-22 15:24:54,West Village,World Trade Center,3.8,20.8,1,Taxi,840
2019-03-15 09:29:42,2019-03-15 09:34:42,Midtown Center,Murray Hill,0.5,9.95,1,Taxi,841
2019-03-26 19:53:13,2019-03-26 19:56:27,Midtown East,Lenox Hill West,0.75,8.8,1,Taxi,842
2019-03-29 10:36:53,2019-03-29 10:48:38,West Village,Gramercy,1.19,14.16,1,Taxi,843
2019-03-23 07:01:18,2019-03-23 07:04:47,Times Sq/Theatre District,Penn Station/Madison Sq West,1.04,8.3,6,Taxi,844
2019-03-22 20:42:52,2019-03-22 21:07:53,Williamsburg (South Side),Park Slope,4.41,23.3,1,Taxi,845
2019-03-04 13:22:23,2019-03-04 13:38:07,Midtown East,Upper West Side South,2.1,17.76,1,Taxi,846
2019-03-10 17:24:40,2019-03-10 17:32:19,Flatiron,Murray Hill,1.0,11.75,1,Taxi,847
2019-03-01 18:51:32,2019-03-01 19:03:54,Lincoln Square West,Morningside Heights,2.3,18.35,1,Taxi,848
2019-03-19 06:28:39,2019-03-19 06:36:28,Clinton East,Midtown Center,1.1,11.33,3,Taxi,849
2019-03-25 16:15:41,2019-03-25 17:03:54,JFK Airport,Midtown South,17.3,80.56,1,Taxi,850
2019-03-15 06:56:25,2019-03-15 07:59:38,East New York,Lenox Hill East,18.7,63.56,2,Taxi,851
2019-03-13 11:31:06,2019-03-13 12:07:56,Upper West Side North,Midtown East,3.29,28.3,1,Taxi,852
2019-03-30 04:15:58,2019-03-30 04:29:20,Times Sq/Theatre District,Sunnyside,4.09,17.3,1,Taxi,853
2019-03-30 09:16:10,2019-03-30 09:33:56,Times Sq/Theatre District,Battery Park City,7.11,31.56,1,Taxi,854
2019-03-02 10:48:31,2019-03-02 10:59:18,West Chelsea/Hudson Yards,Upper West Side South,2.71,17.88,5,Taxi,855
2019-03-17 12:51:07,2019-03-17 13:09:27,Midtown Center,Lower East Side,3.34,17.8,1,Taxi,856
2019-03-22 19:40:05,2019-03-22 19:42:38,Lenox Hill West,Upper East Side North,0.82,10.56,1,Taxi,857
2019-03-18 12:53:21,2019-03-18 13:13:49,LaGuardia Airport,Upper East Side North,7.2,39.66,2,Taxi,858
2019-03-02 19:17:49,2019-03-02 19:30:05,Midtown Center,Union Sq,1.62,14.76,2,Taxi,859
2019-03-31 20:56:08,2019-03-31 21:02:35,SoHo,Lower East Side,0.8,10.3,1,Taxi,860
2019-03-13 10:47:48,2019-03-13 10:59:51,Midtown Center,Penn Station/Madison Sq West,0.9,13.57,1,Taxi,861
2019-03-07 21:31:45,2019-03-07 21:48:30,SoHo,UN/Turtle Bay South,2.86,20.16,1,Taxi,862
2019-03-23 20:43:05,2019-03-23 21:19:27,Lenox Hill West,Meatpacking/West Village West,4.7,31.8,4,Taxi,863
2019-03-07 12:05:50,2019-03-07 12:12:54,Lenox Hill West,Upper East Side North,0.9,11.0,1,Taxi,864
2019-03-20 10:03:57,2019-03-20 10:06:02,Upper East Side South,Upper East Side South,0.4,8.8,2,Taxi,865
2019-03-06 14:38:47,2019-03-06 14:55:42,Upper East Side North,Manhattan Valley,2.25,15.8,1,Taxi,866
2019-03-15 17:07:20,2019-03-15 17:11:24,Upper West Side South,Upper West Side South,0.49,10.12,1,Taxi,867
2019-03-19 06:32:13,2019-03-19 06:46:43,Union Sq,Upper East Side North,3.3,20.15,1,Taxi,868
2019-03-20 19:27:37,2019-03-20 19:34:35,Murray Hill,UN/Turtle Bay South,1.0,13.5,1,Taxi,869
2019-03-27 13:59:05,2019-03-27 14:05:01,Union Sq,Greenwich Village North,0.7,9.3,2,Taxi,870
2019-03-07 17:43:12,2019-03-07 17:48:09,East Village,Greenwich Village North,0.5,10.0,1,Taxi,871
2019-03-04 20:55:05,2019-03-04 21:18:21,Times Sq/Theatre District,Central Harlem North,6.67,31.56,1,Taxi,872
2019-03-04 14:54:03,2019-03-04 15:30:42,JFK Airport,Midtown Center,17.9,76.31,1,Taxi,873
2019-03-12 18:56:49,2019-03-12 19:00:22,TriBeCa/Civic Center,West Village,0.91,11.16,3,Taxi,874
2019-03-29 18:12:14,2019-03-29 18:22:04,Midtown Center,Upper East Side South,1.42,14.76,2,Taxi,875
2019-03-27 07:35:08,2019-03-27 07:43:21,Hamilton Heights,Central Harlem,1.18,9.3,1,Taxi,876
2019-03-26 18:44:26,2019-03-26 18:49:25,Upper East Side South,Lenox Hill East,0.62,11.62,1,Taxi,877
2019-03-29 06:49:41,2019-03-29 06:54:41,Garment District,Murray Hill,0.77,9.8,1,Taxi,878
2019-03-01 11:50:32,2019-03-01 11:59:16,East Village,SoHo,1.2,12.95,1,Taxi,879
2019-03-30 23:30:01,2019-03-30 23:41:59,Murray Hill,East Chelsea,2.3,14.8,1,Taxi,880
2019-03-05 12:57:42,2019-03-05 13:00:41,West Village,Flatiron,0.53,7.3,1,Taxi,881
2019-03-12 17:39:50,2019-03-12 17:48:09,Lincoln Square East,Upper West Side North,1.3,14.15,1,Taxi,882
2019-03-29 22:13:15,2019-03-29 22:25:11,East Village,Flatiron,1.59,13.3,1,Taxi,883
2019-03-16 22:58:35,2019-03-16 23:03:58,Upper East Side South,Midtown East,1.28,9.8,1,Taxi,884
2019-03-01 00:03:29,2019-03-01 00:13:32,Lincoln Square East,Upper East Side North,2.16,15.8,3,Taxi,885
2019-03-23 22:07:45,2019-03-23 22:14:48,Gramercy,East Village,0.71,12.36,2,Taxi,886
2019-03-21 18:07:55,2019-03-21 18:32:47,Midtown Center,Upper West Side North,3.44,21.8,1,Taxi,887
2019-03-27 09:38:06,2019-03-27 10:18:31,LaGuardia Airport,Upper East Side South,12.53,58.87,1,Taxi,888
2019-03-15 09:11:43,2019-03-15 09:21:57,Lincoln Square East,Midtown Center,1.04,13.56,5,Taxi,889
2019-03-26 13:17:07,2019-03-26 13:27:05,UN/Turtle Bay South,Gramercy,1.44,14.16,2,Taxi,890
2019-03-09 16:32:40,2019-03-09 16:49:32,Midtown North,Kips Bay,2.7,16.3,2,Taxi,891
2019-03-29 17:14:39,2019-03-29 17:22:49,Gramercy,Murray Hill,0.71,12.42,1,Taxi,892
2019-03-01 14:21:09,2019-03-01 14:39:12,Yorkville West,Midtown Center,2.3,17.0,0,Taxi,893
2019-03-19 09:05:04,2019-03-19 09:16:59,Lincoln Square East,Yorkville West,1.95,15.36,1,Taxi,894
2019-03-25 07:28:39,2019-03-25 07:39:06,UN/Turtle Bay South,Penn Station/Madison Sq West,1.43,14.16,1,Taxi,895
2019-03-12 10:42:18,2019-03-12 10:43:51,Upper West Side North,Upper West Side North,0.4,8.5,1,Taxi,896
2019-03-01 23:08:51,2019-03-01 23:35:30,Greenwich Village South,Park Slope,4.4,29.75,1,Taxi,897
2019-03-25 15:47:47,2019-03-25 16:15:56,Battery Park City,LaGuardia Airport,13.66,56.47,1,Taxi,898
2019-03-24 13:17:38,2019-03-24 13:31:41,Murray Hill,Clinton East,1.2,15.95,1,Taxi,899
2019-03-04 14:50:08,2019-03-04 14:54:15,Sutton Place/Turtle Bay North,Upper East Side South,0.76,10.38,1,Taxi,900
2019-03-18 06:22:16,2019-03-18 06:28:51,Clinton East,Penn Station/Madison Sq West,1.52,12.36,5,Taxi,901
2019-03-18 15:41:34,2019-03-18 16:05:43,Lenox Hill East,Penn Station/Madison Sq West,2.83,24.12,1,Taxi,902
2019-03-30 17:59:42,2019-03-30 18:04:13,Lenox Hill West,Lenox Hill West,0.6,9.3,1,Taxi,903
2019-03-14 09:10:07,2019-03-14 09:23:35,Midtown East,Midtown Center,1.3,15.35,2,Taxi,904
2019-03-22 13:29:10,2019-03-22 13:31:32,Lincoln Square West,Lincoln Square West,0.4,8.3,1,Taxi,905
2019-03-23 00:19:20,2019-03-23 00:26:11,Midtown South,Midtown East,1.0,11.8,1,Taxi,906
2019-03-13 14:22:16,2019-03-13 14:29:12,TriBeCa/Civic Center,Battery Park City,1.1,11.76,1,Taxi,907
2019-03-15 00:17:16,2019-03-15 00:19:55,Midtown Center,Midtown North,0.59,7.8,2,Taxi,908
2019-03-08 07:26:53,2019-03-08 07:36:20,Penn Station/Madison Sq West,Union Sq,0.6,10.3,1,Taxi,909
2019-03-07 16:21:41,2019-03-07 17:00:37,Flatiron,Upper East Side South,3.0,28.8,1,Taxi,910
2019-03-06 11:24:49,2019-03-06 11:34:37,Little Italy/NoLiTa,Union Sq,1.2,10.8,1,Taxi,911
2019-03-06 07:42:02,2019-03-06 07:54:57,Yorkville East,Midtown North,2.37,16.56,1,Taxi,912
2019-03-15 23:13:44,2019-03-15 23:24:47,Lincoln Square West,East Chelsea,1.7,15.95,1,Taxi,913
2019-03-23 11:26:58,2019-03-23 11:35:17,Upper East Side South,Lincoln Square West,1.3,10.8,2,Taxi,914
2019-03-16 14:43:14,2019-03-16 14:45:29,Upper East Side South,Upper East Side North,0.6,7.3,1,Taxi,915
2019-03-21 15:47:42,2019-03-21 16:13:10,Upper East Side South,East Village,5.5,27.95,2,Taxi,916
2019-03-28 16:50:32,2019-03-28 17:02:14,Upper East Side South,Times Sq/Theatre District,1.1,14.63,2,Taxi,917
2019-03-21 21:40:07,2019-03-21 21:55:33,TriBeCa/Civic Center,East Village,2.39,16.38,1,Taxi,918
2019-03-05 10:01:27,2019-03-05 10:16:57,Penn Station/Madison Sq West,TriBeCa/Civic Center,2.4,18.35,1,Taxi,919
2019-03-08 21:50:35,2019-03-08 22:08:14,East Village,Financial District North,2.6,19.0,2,Taxi,920
2019-03-01 22:25:03,2019-03-01 22:32:08,Morningside Heights,Manhattanville,1.3,9.96,1,Taxi,921
2019-03-30 17:58:22,2019-03-30 18:03:05,Gramercy,Gramercy,0.6,9.13,2,Taxi,922
2019-03-10 14:56:12,2019-03-10 15:01:55,Lincoln Square East,Central Park,0.4,9.95,1,Taxi,923
2019-03-24 01:43:34,2019-03-24 02:01:11,Times Sq/Theatre District,East Harlem South,4.2,23.15,0,Taxi,924
2019-03-09 04:10:48,2019-03-09 04:34:29,Lincoln Square East,LaGuardia Airport,10.7,44.06,1,Taxi,925
2019-03-25 19:00:32,2019-03-25 19:03:42,Sutton Place/Turtle Bay North,Sutton Place/Turtle Bay North,0.48,8.3,1,Taxi,926
2019-03-08 16:01:14,2019-03-08 16:19:09,Midtown East,Garment District,1.83,18.36,1,Taxi,927
2019-03-28 23:19:09,2019-03-28 23:29:17,Midtown East,Murray Hill,1.53,13.53,1,Taxi,928
2019-03-22 05:04:14,2019-03-22 05:07:03,Central Harlem,East Harlem South,0.7,6.95,1,Taxi,929
2019-03-08 00:55:20,2019-03-08 01:49:38,Midtown North,Elmhurst/Maspeth,6.47,45.3,2,Taxi,930
2019-03-14 06:22:56,2019-03-14 06:25:51,Cobble Hill,Brooklyn Heights,0.7,6.36,1,Taxi,931
2019-03-09 06:27:43,2019-03-09 06:34:34,Gramercy,Lower East Side,1.71,11.31,1,Taxi,932
2019-03-14 15:22:32,2019-03-14 15:45:41,TriBeCa/Civic Center,Brooklyn Heights,2.41,21.36,1,Taxi,933
2019-03-25 12:55:19,2019-03-25 13:04:12,West Village,Penn Station/Madison Sq West,1.1,10.8,1,Taxi,934
2019-03-18 06:07:09,2019-03-18 06:16:22,TriBeCa/Civic Center,Midtown South,2.8,15.8,1,Taxi,935
2019-03-20 00:57:22,2019-03-20 00:59:00,West Chelsea/Hudson Yards,Clinton East,0.63,8.97,6,Taxi,936
2019-03-19 07:23:39,2019-03-19 07:32:59,Midtown East,East Chelsea,1.3,11.3,1,Taxi,937
2019-03-26 21:49:25,2019-03-26 21:56:47,Union Sq,Midtown South,1.04,11.3,2,Taxi,938
2019-03-16 20:24:58,2019-03-16 20:54:57,Gramercy,Inwood,11.06,45.36,2,Taxi,939
2019-03-24 18:44:50,2019-03-24 19:14:16,LaGuardia Airport,Flatiron,9.02,48.2,6,Taxi,940
2019-03-30 22:29:57,2019-03-30 22:44:26,Sutton Place/Turtle Bay North,Seaport,4.88,23.16,2,Taxi,941
2019-03-27 17:08:10,2019-03-27 17:23:39,East Village,Union Sq,1.98,15.3,1,Taxi,942
2019-03-16 16:39:19,2019-03-16 17:04:00,West Chelsea/Hudson Yards,Manhattan Valley,4.37,29.75,2,Taxi,943
2019-03-27 14:37:38,2019-03-27 14:44:19,Lincoln Square West,Upper West Side North,1.28,9.8,1,Taxi,944
2019-03-03 13:13:56,2019-03-03 13:22:47,Upper West Side South,Lincoln Square East,1.3,13.0,1,Taxi,945
2019-03-23 14:46:49,2019-03-23 15:07:10,Garment District,Two Bridges/Seward Park,4.0,24.35,1,Taxi,946
2019-03-02 16:44:47,2019-03-02 17:12:53,Midtown North,Lower East Side,3.5,21.8,1,Taxi,947
2019-03-14 15:57:41,2019-03-14 16:08:16,Yorkville West,Manhattan Valley,2.2,16.8,1,Taxi,948
2019-03-15 15:39:44,2019-03-15 16:36:49,UN/Turtle Bay South,JFK Airport,16.3,71.06,2,Taxi,949
2019-03-20 20:35:58,2019-03-20 20:45:23,Murray Hill,Midtown East,1.32,12.3,1,Taxi,950
2019-03-10 14:10:22,2019-03-10 14:19:28,Clinton East,Clinton West,0.6,11.3,1,Taxi,951
2019-03-14 00:56:40,2019-03-14 01:01:26,East Village,Lower East Side,0.7,9.8,0,Taxi,952
2019-03-27 09:03:30,2019-03-27 09:28:47,Murray Hill,Clinton West,1.54,18.8,1,Taxi,953
2019-03-08 02:58:37,2019-03-08 03:19:27,Garment District,Central Harlem North,6.9,27.3,2,Taxi,954
2019-03-11 13:37:20,2019-03-11 13:51:45,Midtown Center,Greenwich Village North,2.06,17.16,5,Taxi,955
2019-03-31 07:52:57,2019-03-31 07:58:31,Meatpacking/West Village West,TriBeCa/Civic Center,1.48,9.8,1,Taxi,956
2019-03-27 21:02:45,2019-03-27 21:10:55,Midtown Center,Lincoln Square East,1.08,13.56,1,Taxi,957
2019-03-01 23:35:14,2019-03-01 23:43:25,Little Italy/NoLiTa,West Village,1.11,14.04,5,Taxi,958
2019-03-10 22:57:48,2019-03-10 23:04:18,Greenwich Village South,Alphabet City,1.1,11.3,2,Taxi,959
2019-03-17 21:28:42,2019-03-17 21:44:25,Upper West Side South,East Chelsea,3.0,20.15,1,Taxi,960
2019-03-22 13:57:20,2019-03-22 14:06:28,East Village,UN/Turtle Bay South,1.42,13.56,1,Taxi,961
2019-03-01 06:41:00,2019-03-01 06:48:19,Lincoln Square West,Midtown East,1.84,13.56,2,Taxi,962
2019-03-24 16:03:55,2019-03-24 16:37:14,LaGuardia Airport,Upper West Side North,9.19,44.47,1,Taxi,963
2019-03-16 19:55:52,2019-03-16 20:10:26,Flatiron,West Chelsea/Hudson Yards,1.88,17.16,1,Taxi,964
2019-03-14 18:19:17,2019-03-14 18:27:37,Upper East Side North,Lincoln Square East,1.47,12.3,1,Taxi,965
2019-03-05 07:14:16,2019-03-05 07:27:30,Greenwich Village North,Midtown South,2.37,16.56,1,Taxi,966
2019-03-23 11:59:53,2019-03-23 12:16:28,Yorkville East,Times Sq/Theatre District,3.78,21.36,2,Taxi,967
2019-03-30 05:50:22,2019-03-30 06:11:31,Steinway,Bushwick South,8.1,32.75,1,Taxi,968
2019-03-27 21:51:08,2019-03-27 21:54:52,Lincoln Square East,Clinton East,0.81,9.8,1,Taxi,969
2019-03-16 14:18:58,2019-03-16 14:24:08,West Village,TriBeCa/Civic Center,1.15,9.76,2,Taxi,970
2019-03-29 00:02:00,2019-03-29 00:02:05,,,0.0,50.3,2,Taxi,971
2019-03-21 19:27:42,2019-03-21 19:44:51,JFK Airport,Woodhaven,7.2,23.3,1,Taxi,972
2019-03-04 21:05:30,2019-03-04 21:34:34,JFK Airport,Midtown Center,16.82,76.32,1,Taxi,973
2019-03-16 14:38:18,2019-03-16 14:44:58,Upper East Side South,Upper East Side South,0.85,9.3,2,Taxi,974
2019-03-07 13:10:37,2019-03-07 13:35:41,LaGuardia Airport,Midtown Center,8.68,45.7,1,Taxi,975
2019-03-21 18:03:47,2019-03-21 18:30:47,Midtown Center,Central Harlem North,4.99,29.76,5,Taxi,976
2019-03-08 00:30:05,2019-03-08 00:32:45,UN/Turtle Bay South,UN/Turtle Bay South,0.99,10.56,1,Taxi,977
2019-03-01 15:45:19,2019-03-01 15:47:06,Kips Bay,UN/Turtle Bay South,0.5,7.8,1,Taxi,978
2019-03-09 20:48:43,2019-03-09 20:55:09,Upper East Side South,Lincoln Square East,0.87,10.8,1,Taxi,979
2019-03-30 23:46:27,2019-03-30 23:53:42,East Village,Gramercy,0.99,12.36,1,Taxi,980
2019-03-12 22:22:06,2019-03-12 22:27:22,Gramercy,UN/Turtle Bay South,1.0,9.3,1,Taxi,981
2019-03-27 17:26:24,2019-03-27 17:33:56,Midtown East,Upper East Side South,0.5,7.8,1,Taxi,982
2019-03-22 10:19:07,2019-03-22 10:26:10,Lincoln Square East,Lincoln Square West,0.73,9.8,1,Taxi,983
2019-03-18 21:52:51,2019-03-18 22:23:12,Midtown Center,Clinton Hill,8.7,38.5,3,Taxi,984
2019-03-31 01:18:04,2019-03-31 01:27:35,Yorkville West,UN/Turtle Bay South,2.6,14.8,1,Taxi,985
2019-03-01 13:17:12,2019-03-01 13:25:18,Midtown Center,UN/Turtle Bay South,0.8,11.75,1,Taxi,986
2019-03-19 08:51:33,2019-03-19 09:01:10,Clinton East,Midtown Center,0.8,12.95,1,Taxi,987
2019-03-30 01:40:32,2019-03-30 01:42:00,Long Island City/Queens Plaza,Astoria,0.64,5.3,1,Taxi,988
2019-03-27 17:48:40,2019-03-27 17:55:55,East Village,Murray Hill,1.31,11.3,1,Taxi,989
2019-03-28 16:29:27,2019-03-28 16:55:52,Union Sq,Upper West Side North,5.14,29.76,1,Taxi,990
2019-03-30 10:46:08,2019-03-30 10:54:04,Central Harlem North,East Harlem North,1.56,11.91,2,Taxi,991
2019-03-01 07:06:20,2019-03-01 07:09:34,Lenox Hill West,Upper East Side North,0.66,9.36,5,Taxi,992
2019-03-30 13:42:26,2019-03-30 13:44:47,Times Sq/Theatre District,Midtown Center,0.29,6.8,6,Taxi,993
2019-03-19 09:36:24,2019-03-19 10:09:41,Manhattanville,Midtown East,6.8,28.8,1,Taxi,994
2019-03-02 10:32:56,2019-03-02 10:46:13,Garment District,Midtown North,1.54,15.36,2,Taxi,995
2019-03-02 23:55:24,2019-03-03 00:04:02,Central Park,Upper West Side North,1.6,14.16,1,Taxi,996
2019-03-22 09:02:34,2019-03-22 09:32:22,LaGuardia Airport,Kips Bay,8.3,43.26,1,Taxi,997
2019-03-15 15:44:24,2019-03-15 15:48:39,Upper West Side South,Lincoln Square East,0.86,9.3,1,Taxi,998
2019-03-27 22:24:45,2019-03-27 22:40:25,Midtown Center,Central Harlem North,5.15,24.36,1,Taxi,999
2019-03-02 19:16:15,2019-03-02 19:23:04,Sutton Place/Turtle Bay North,Lenox Hill East,1.02,10.8,1,Taxi,1000
